payment_id,trip_id,customer_id,payment_method,payment_status,amount,transaction_time,last_updated_timestamp
1,274,126,Cash,Success,38.15,2025-09-17 13:00:12,2025-08-30 13:40:53
2,676,131,Cash,Success,52.07,2025-08-14 13:00:12,2025-09-08 18:21:05
3,919,132,Card,Failed,55.5,2025-07-27 13:00:12,2025-08-21 20:24:08
4,247,34,Wallet,Pending,28.78,2025-07-27 13:00:12,2025-08-27 15:03:09
5,386,62,Card,Failed,55.02,2025-08-01 13:00:12,2025-09-08 23:15:06
6,834,78,Wallet,Success,27.43,2025-08-25 13:00:12,2025-09-20 09:03:05
7,348,144,Wallet,Failed,74.94,2025-08-26 13:00:12,2025-08-30 19:11:26
8,558,82,Card,Failed,19.58,2025-09-09 13:00:12,2025-09-06 05:53:26
9,260,151,Card,Pending,24.4,2025-07-23 13:00:12,2025-09-02 17:43:14
10,133,70,Cash,Failed,69.99,2025-07-31 13:00:12,2025-09-11 10:30:16
11,616,33,Card,Success,73.31,2025-07-25 13:00:12,2025-08-24 09:09:29
12,333,92,Cash,Success,95.29,2025-07-23 13:00:12,2025-09-11 03:49:52
13,697,33,Cash,Success,94.39,2025-07-04 13:00:12,2025-09-04 22:11:28
14,680,121,Wallet,Pending,46.3,2025-06-24 13:00:12,2025-09-14 20:00:33
15,235,112,Wallet,Failed,22.54,2025-09-10 13:00:12,2025-08-25 22:37:16
16,45,81,Cash,Failed,16.34,2025-08-14 13:00:12,2025-09-16 08:08:07
17,82,124,Card,Failed,11.26,2025-08-05 13:00:12,2025-09-15 00:36:40
18,303,134,Cash,Success,39.59,2025-08-03 13:00:12,2025-09-13 08:28:30
19,101,91,Card,Success,10.41,2025-07-11 13:00:12,2025-09-08 01:33:11
20,978,50,Cash,Failed,20.21,2025-08-06 13:00:12,2025-09-12 11:00:42
21,794,28,Cash,Failed,95.71,2025-08-15 13:00:12,2025-08-22 14:55:10
22,512,3,Card,Success,67.49,2025-07-01 13:00:12,2025-09-06 14:34:23
23,47,2,Cash,Success,13.2,2025-08-06 13:00:12,2025-09-19 19:21:27
24,308,40,Cash,Pending,32.8,2025-06-22 13:00:12,2025-08-20 23:46:31
25,571,143,Card,Pending,54.29,2025-07-31 13:00:12,2025-09-04 15:55:07
26,705,116,Wallet,Pending,90.15,2025-07-31 13:00:12,2025-09-07 17:45:10
27,8,83,Cash,Success,69.8,2025-07-19 13:00:12,2025-09-18 23:10:19
28,804,96,Wallet,Failed,41.39,2025-07-01 13:00:12,2025-08-27 12:41:51
29,874,53,Cash,Failed,26.44,2025-07-29 13:00:12,2025-08-29 07:19:07
30,817,68,Wallet,Pending,93.11,2025-08-29 13:00:12,2025-09-13 22:11:06
31,798,66,Card,Pending,55.66,2025-08-07 13:00:12,2025-09-13 04:17:49
32,289,4,Cash,Success,60.23,2025-09-14 13:00:12,2025-09-01 17:19:56
33,614,7,Wallet,Pending,96.09,2025-07-30 13:00:12,2025-08-30 12:56:09
34,183,90,Card,Pending,8.86,2025-08-23 13:00:12,2025-09-11 04:37:35
35,154,148,Cash,Success,41.44,2025-08-20 13:00:12,2025-09-02 17:08:51
36,230,37,Wallet,Success,21.06,2025-09-15 13:00:12,2025-08-28 08:09:57
37,54,130,Wallet,Pending,8.78,2025-09-19 13:00:12,2025-09-02 00:26:03
38,426,67,Card,Pending,31.83,2025-08-29 13:00:12,2025-09-05 19:18:30
39,578,133,Cash,Failed,51.01,2025-08-19 13:00:12,2025-09-18 21:09:56
40,331,129,Cash,Pending,62.41,2025-07-28 13:00:12,2025-08-23 01:48:39
41,440,145,Cash,Failed,95.43,2025-08-17 13:00:12,2025-08-26 06:56:29
42,859,162,Cash,Success,50.2,2025-06-27 13:00:12,2025-09-14 11:21:07
43,469,92,Wallet,Failed,18.99,2025-09-16 13:00:12,2025-08-24 01:27:19
44,29,74,Card,Failed,27.57,2025-06-22 13:00:12,2025-09-01 13:41:52
45,299,22,Card,Pending,61.54,2025-09-06 13:00:12,2025-09-14 15:20:20
46,320,113,Card,Pending,98.83,2025-09-17 13:00:12,2025-09-13 20:14:30
47,249,93,Cash,Success,61.56,2025-09-02 13:00:12,2025-08-23 17:15:26
48,271,20,Card,Success,36.53,2025-08-16 13:00:12,2025-08-30 13:02:38
49,752,18,Card,Success,70.94,2025-08-07 13:00:12,2025-09-02 02:49:26
50,536,63,Card,Pending,45.98,2025-07-12 13:00:12,2025-08-27 13:29:39
51,623,5,Card,Success,48.56,2025-07-12 13:00:12,2025-09-18 06:32:09
52,989,128,Card,Failed,31.17,2025-07-09 13:00:12,2025-09-08 11:47:19
53,454,96,Wallet,Failed,11.0,2025-08-18 13:00:12,2025-09-18 17:11:58
54,16,55,Cash,Success,75.28,2025-08-05 13:00:12,2025-08-29 10:37:51
55,372,110,Wallet,Success,39.1,2025-08-14 13:00:12,2025-09-17 10:23:13
56,730,134,Card,Pending,48.52,2025-09-09 13:00:12,2025-08-21 18:25:20
57,746,71,Wallet,Failed,84.54,2025-09-16 13:00:12,2025-08-22 11:47:27
58,520,145,Cash,Pending,48.98,2025-07-29 13:00:12,2025-08-21 11:06:27
59,628,1,Wallet,Failed,70.57,2025-08-30 13:00:12,2025-09-14 02:38:31
60,801,159,Cash,Failed,12.43,2025-08-23 13:00:12,2025-08-30 19:31:32
61,688,131,Cash,Success,55.37,2025-08-22 13:00:12,2025-09-05 03:39:20
62,226,11,Cash,Success,37.18,2025-07-06 13:00:12,2025-09-02 14:39:11
63,853,182,Cash,Success,16.79,2025-07-12 13:00:12,2025-09-04 03:16:28
64,286,94,Wallet,Failed,26.89,2025-09-11 13:00:12,2025-09-15 04:02:53
65,619,88,Card,Failed,81.44,2025-06-28 13:00:12,2025-09-14 11:25:27
66,516,83,Cash,Pending,35.83,2025-08-19 13:00:12,2025-09-13 09:35:11
67,64,113,Wallet,Success,11.19,2025-09-19 13:00:12,2025-08-25 18:19:32
68,753,109,Cash,Failed,87.62,2025-08-21 13:00:12,2025-08-27 12:35:38
69,641,106,Cash,Pending,67.28,2025-07-15 13:00:12,2025-09-12 21:43:41
70,693,16,Cash,Success,17.61,2025-09-08 13:00:12,2025-09-12 13:10:44
71,428,35,Card,Failed,70.12,2025-08-25 13:00:12,2025-08-29 23:37:19
72,350,127,Card,Failed,21.71,2025-07-20 13:00:12,2025-08-23 10:00:01
73,473,105,Card,Success,11.94,2025-09-15 13:00:12,2025-09-13 05:40:36
74,388,152,Cash,Success,85.76,2025-08-24 13:00:12,2025-08-26 21:16:36
75,31,199,Wallet,Failed,19.16,2025-09-07 13:00:12,2025-09-12 09:56:12
76,746,188,Card,Failed,56.96,2025-06-27 13:00:12,2025-09-17 19:59:16
77,714,26,Card,Success,41.78,2025-08-14 13:00:12,2025-09-15 11:13:36
78,101,131,Card,Failed,30.89,2025-07-30 13:00:12,2025-09-01 07:13:09
79,295,80,Card,Failed,41.31,2025-08-24 13:00:12,2025-09-20 08:51:27
80,446,1,Card,Pending,19.22,2025-06-25 13:00:12,2025-09-03 06:42:16
81,340,148,Wallet,Success,98.24,2025-07-29 13:00:12,2025-08-21 04:28:18
82,550,10,Card,Success,16.4,2025-08-06 13:00:12,2025-09-06 16:24:08
83,193,102,Card,Failed,81.71,2025-08-30 13:00:12,2025-09-02 14:06:14
84,218,126,Wallet,Success,98.75,2025-08-07 13:00:12,2025-08-23 04:06:17
85,925,75,Wallet,Success,98.36,2025-07-22 13:00:12,2025-09-10 05:22:58
86,234,111,Wallet,Success,26.08,2025-07-14 13:00:12,2025-09-09 20:16:44
87,574,50,Wallet,Pending,88.13,2025-09-02 13:00:12,2025-08-22 20:19:28
88,767,51,Cash,Failed,97.63,2025-07-09 13:00:12,2025-09-18 23:13:35
89,730,158,Cash,Failed,95.34,2025-07-17 13:00:12,2025-09-01 01:27:38
90,101,102,Card,Success,44.35,2025-07-05 13:00:12,2025-08-25 19:01:15
91,631,103,Cash,Pending,76.98,2025-08-03 13:00:12,2025-09-01 05:24:24
92,356,140,Wallet,Success,58.8,2025-08-18 13:00:12,2025-09-01 09:17:07
93,10,103,Cash,Pending,26.7,2025-08-31 13:00:12,2025-08-22 14:21:36
94,989,12,Card,Success,96.28,2025-07-07 13:00:12,2025-09-12 04:40:19
95,435,110,Wallet,Pending,20.7,2025-08-26 13:00:12,2025-09-16 08:38:51
96,371,49,Wallet,Success,69.78,2025-07-18 13:00:12,2025-09-15 04:14:31
97,450,54,Cash,Success,84.38,2025-07-09 13:00:12,2025-09-03 21:36:23
98,233,73,Cash,Pending,57.57,2025-09-13 13:00:12,2025-09-17 20:05:55
99,471,42,Cash,Failed,87.68,2025-07-23 13:00:12,2025-09-13 12:45:05
100,265,92,Wallet,Success,90.93,2025-07-15 13:00:12,2025-09-01 15:06:16
101,761,107,Cash,Success,8.75,2025-08-10 13:00:12,2025-09-01 13:16:51
102,139,134,Wallet,Pending,59.42,2025-07-04 13:00:12,2025-08-25 19:45:46
103,604,80,Card,Success,45.54,2025-09-17 13:00:12,2025-09-13 02:33:29
104,434,122,Cash,Failed,73.37,2025-07-04 13:00:12,2025-09-04 19:07:43
105,168,80,Cash,Pending,68.93,2025-08-30 13:00:12,2025-08-30 18:12:56
106,814,87,Card,Failed,29.59,2025-08-02 13:00:12,2025-09-19 08:05:12
107,571,166,Card,Pending,64.61,2025-06-26 13:00:12,2025-09-08 11:38:48
108,516,94,Card,Success,17.07,2025-09-01 13:00:12,2025-09-05 15:09:11
109,82,47,Cash,Success,80.94,2025-08-07 13:00:12,2025-09-14 07:08:18
110,230,16,Wallet,Pending,31.04,2025-08-19 13:00:12,2025-09-18 23:14:05
111,416,142,Cash,Failed,41.39,2025-06-28 13:00:12,2025-08-27 01:01:41
112,118,58,Wallet,Failed,88.88,2025-08-28 13:00:12,2025-08-31 14:29:39
113,813,175,Card,Success,50.38,2025-06-27 13:00:12,2025-08-28 04:10:49
114,830,183,Cash,Failed,30.43,2025-06-30 13:00:12,2025-09-17 01:39:53
115,644,182,Card,Success,56.6,2025-09-18 13:00:12,2025-09-02 10:15:27
116,227,174,Wallet,Success,87.2,2025-07-26 13:00:12,2025-08-26 22:43:09
117,66,20,Wallet,Pending,21.32,2025-08-27 13:00:12,2025-08-26 15:11:55
118,895,121,Wallet,Success,25.19,2025-09-07 13:00:12,2025-09-20 10:54:54
119,657,135,Wallet,Failed,49.3,2025-09-11 13:00:12,2025-09-16 15:25:10
120,942,23,Card,Failed,28.99,2025-08-02 13:00:12,2025-08-22 17:48:03
121,306,178,Card,Failed,40.53,2025-07-31 13:00:12,2025-09-14 17:37:34
122,759,29,Wallet,Success,27.18,2025-07-05 13:00:12,2025-08-24 20:09:13
123,949,133,Cash,Failed,52.4,2025-08-25 13:00:12,2025-08-25 20:36:43
124,236,107,Card,Pending,22.6,2025-07-18 13:00:12,2025-08-26 00:31:43
125,320,27,Cash,Failed,73.32,2025-09-01 13:00:12,2025-08-27 18:44:51
126,224,196,Wallet,Failed,27.33,2025-09-07 13:00:12,2025-09-08 01:01:49
127,282,41,Cash,Failed,63.43,2025-09-13 13:00:12,2025-09-09 11:46:13
128,937,114,Wallet,Success,60.64,2025-09-01 13:00:12,2025-09-10 03:24:40
129,704,70,Wallet,Pending,62.74,2025-07-15 13:00:12,2025-08-31 02:02:47
130,635,163,Cash,Success,70.19,2025-08-27 13:00:12,2025-08-21 23:05:39
131,138,55,Card,Pending,22.65,2025-07-03 13:00:12,2025-09-15 07:37:20
132,943,117,Wallet,Success,57.77,2025-07-02 13:00:12,2025-08-29 07:04:16
133,306,163,Wallet,Failed,79.06,2025-08-25 13:00:12,2025-08-27 02:06:19
134,763,171,Wallet,Failed,37.31,2025-06-26 13:00:12,2025-08-26 00:22:00
135,867,143,Card,Pending,30.52,2025-07-31 13:00:12,2025-09-01 21:37:48
136,6,64,Wallet,Pending,41.21,2025-07-28 13:00:12,2025-09-05 18:28:58
137,871,2,Wallet,Success,99.99,2025-07-24 13:00:12,2025-09-07 14:29:30
138,592,182,Cash,Success,72.2,2025-06-23 13:00:12,2025-08-21 02:46:21
139,633,181,Card,Pending,21.11,2025-09-02 13:00:12,2025-09-14 13:09:09
140,25,71,Cash,Failed,18.99,2025-08-29 13:00:12,2025-08-30 23:26:07
141,949,170,Cash,Pending,29.74,2025-07-03 13:00:12,2025-09-16 08:36:51
142,718,96,Wallet,Success,30.23,2025-08-12 13:00:12,2025-08-30 22:55:12
143,537,76,Wallet,Success,43.93,2025-07-18 13:00:12,2025-09-15 11:07:46
144,301,27,Wallet,Failed,56.73,2025-07-24 13:00:12,2025-09-13 01:15:27
145,424,122,Wallet,Pending,80.41,2025-07-02 13:00:12,2025-09-08 20:58:28
146,204,113,Cash,Failed,8.38,2025-06-29 13:00:12,2025-08-29 16:21:25
147,560,138,Wallet,Failed,71.41,2025-07-18 13:00:12,2025-09-16 12:50:11
148,799,160,Card,Failed,22.58,2025-09-14 13:00:12,2025-08-31 02:52:15
149,952,78,Card,Success,64.94,2025-09-17 13:00:12,2025-08-29 12:30:22
150,756,78,Wallet,Pending,7.1,2025-08-09 13:00:12,2025-09-17 03:42:34
151,249,114,Wallet,Failed,68.88,2025-09-02 13:00:12,2025-09-01 09:13:47
152,955,197,Wallet,Failed,98.28,2025-07-17 13:00:12,2025-08-23 15:41:07
153,806,69,Cash,Success,39.5,2025-07-26 13:00:12,2025-08-28 14:23:31
154,415,75,Card,Failed,32.12,2025-08-24 13:00:12,2025-09-04 11:09:07
155,724,15,Cash,Pending,58.73,2025-06-29 13:00:12,2025-09-08 18:51:27
156,152,19,Cash,Failed,36.16,2025-06-24 13:00:12,2025-09-15 01:20:36
157,95,68,Wallet,Pending,40.3,2025-06-28 13:00:12,2025-09-17 16:43:21
158,775,47,Cash,Success,45.46,2025-08-26 13:00:12,2025-09-13 08:42:23
159,52,68,Wallet,Success,27.15,2025-09-14 13:00:12,2025-08-28 18:38:46
160,943,63,Wallet,Failed,46.49,2025-08-03 13:00:12,2025-09-13 09:11:51
161,462,56,Cash,Success,30.63,2025-08-20 13:00:12,2025-08-24 11:05:03
162,923,128,Card,Success,69.26,2025-07-11 13:00:12,2025-09-11 01:03:25
163,841,87,Card,Success,93.18,2025-07-21 13:00:12,2025-09-12 12:52:18
164,681,68,Wallet,Pending,94.45,2025-07-01 13:00:12,2025-08-31 23:40:45
165,466,52,Wallet,Failed,87.44,2025-07-19 13:00:12,2025-09-19 19:40:57
166,495,168,Card,Pending,59.68,2025-09-09 13:00:12,2025-09-20 01:06:42
167,381,80,Cash,Success,31.42,2025-06-22 13:00:12,2025-09-19 23:14:21
168,703,58,Wallet,Success,14.63,2025-07-27 13:00:12,2025-08-30 00:57:52
169,782,37,Card,Failed,32.89,2025-07-18 13:00:12,2025-08-27 03:31:43
170,594,168,Cash,Success,86.12,2025-09-06 13:00:12,2025-09-09 09:54:27
171,901,101,Wallet,Success,12.55,2025-09-04 13:00:12,2025-08-29 07:34:43
172,318,71,Card,Success,36.09,2025-08-03 13:00:12,2025-09-07 19:36:16
173,122,124,Wallet,Pending,68.48,2025-09-01 13:00:12,2025-09-15 02:46:55
174,87,145,Cash,Failed,29.12,2025-08-31 13:00:12,2025-09-01 23:57:45
175,991,13,Card,Failed,82.07,2025-08-08 13:00:12,2025-09-15 20:01:05
176,103,166,Card,Success,88.58,2025-06-22 13:00:12,2025-09-02 09:13:07
177,576,93,Cash,Failed,45.32,2025-08-01 13:00:12,2025-09-15 10:32:10
178,401,73,Wallet,Success,26.75,2025-09-20 13:00:12,2025-09-08 02:41:52
179,34,131,Card,Pending,92.91,2025-07-01 13:00:12,2025-09-01 20:39:43
180,465,44,Cash,Success,25.46,2025-08-25 13:00:12,2025-09-20 02:16:19
181,632,137,Cash,Pending,26.07,2025-08-18 13:00:12,2025-09-09 15:54:56
182,571,61,Card,Failed,37.17,2025-09-16 13:00:12,2025-08-22 01:02:39
183,211,105,Wallet,Failed,72.57,2025-07-20 13:00:12,2025-09-11 19:55:02
184,846,16,Card,Success,58.85,2025-08-18 13:00:12,2025-09-12 02:17:41
185,91,140,Cash,Failed,90.25,2025-08-28 13:00:12,2025-09-16 05:53:49
186,39,168,Card,Success,73.42,2025-09-05 13:00:12,2025-09-17 16:49:50
187,395,42,Card,Failed,21.67,2025-08-15 13:00:12,2025-09-12 17:49:03
188,763,2,Cash,Success,40.74,2025-07-21 13:00:12,2025-08-31 13:21:15
189,370,106,Wallet,Failed,30.01,2025-07-03 13:00:12,2025-09-20 10:09:42
190,59,52,Wallet,Success,97.91,2025-07-21 13:00:12,2025-09-04 08:09:50
191,380,162,Wallet,Success,30.97,2025-07-12 13:00:12,2025-08-24 05:46:25
192,646,22,Card,Success,46.05,2025-06-27 13:00:12,2025-09-02 16:04:40
193,467,57,Cash,Failed,67.95,2025-08-26 13:00:12,2025-09-20 02:16:43
194,508,152,Cash,Failed,53.46,2025-07-20 13:00:12,2025-08-25 13:56:58
195,871,64,Wallet,Failed,26.35,2025-07-11 13:00:12,2025-09-16 19:27:04
196,967,139,Cash,Failed,63.9,2025-09-19 13:00:12,2025-09-08 07:12:09
197,800,92,Cash,Failed,95.6,2025-06-28 13:00:12,2025-09-14 03:36:45
198,273,175,Cash,Success,59.11,2025-09-15 13:00:12,2025-08-22 13:21:40
199,444,105,Wallet,Failed,85.93,2025-07-16 13:00:12,2025-09-01 00:53:04
200,67,184,Card,Pending,24.55,2025-09-15 13:00:12,2025-09-10 13:00:09
201,485,44,Cash,Failed,30.07,2025-08-26 13:00:12,2025-08-30 04:18:43
202,380,17,Card,Failed,18.11,2025-07-26 13:00:12,2025-08-27 08:25:17
203,784,39,Wallet,Success,65.3,2025-07-09 13:00:12,2025-08-23 06:03:43
204,11,71,Wallet,Pending,65.17,2025-06-30 13:00:12,2025-09-17 01:31:29
205,282,156,Wallet,Success,77.21,2025-08-12 13:00:12,2025-08-22 16:38:20
206,172,118,Cash,Success,24.65,2025-09-13 13:00:12,2025-09-18 01:54:46
207,563,2,Card,Success,98.96,2025-08-03 13:00:12,2025-09-17 19:32:08
208,203,142,Cash,Success,21.49,2025-07-07 13:00:12,2025-09-12 02:01:42
209,662,25,Card,Success,83.4,2025-06-25 13:00:12,2025-09-18 08:22:10
210,755,196,Cash,Success,95.91,2025-07-12 13:00:12,2025-09-15 10:56:37
211,59,177,Wallet,Success,12.1,2025-08-29 13:00:12,2025-09-15 16:28:00
212,295,181,Card,Success,86.08,2025-08-08 13:00:12,2025-09-05 22:49:09
213,419,122,Card,Failed,30.53,2025-08-07 13:00:12,2025-09-15 12:03:46
214,89,152,Cash,Pending,83.76,2025-09-07 13:00:12,2025-09-12 09:50:27
215,75,152,Card,Success,87.78,2025-08-28 13:00:12,2025-09-03 00:05:52
216,114,172,Card,Failed,86.49,2025-08-13 13:00:12,2025-08-26 00:05:19
217,695,196,Cash,Success,77.72,2025-07-12 13:00:12,2025-08-31 05:28:54
218,717,139,Card,Success,14.01,2025-08-13 13:00:12,2025-08-26 07:21:23
219,692,13,Cash,Failed,34.19,2025-08-04 13:00:12,2025-09-13 06:40:43
220,175,175,Card,Failed,97.74,2025-07-23 13:00:12,2025-08-25 15:20:42
221,230,6,Wallet,Pending,15.51,2025-07-14 13:00:12,2025-08-26 19:28:04
222,741,67,Card,Failed,21.81,2025-07-19 13:00:12,2025-08-26 05:44:12
223,820,195,Wallet,Failed,37.48,2025-08-07 13:00:12,2025-09-07 15:09:36
224,572,39,Card,Failed,22.21,2025-09-10 13:00:12,2025-09-15 04:00:06
225,161,104,Card,Failed,50.78,2025-08-28 13:00:12,2025-09-19 22:24:52
226,103,36,Wallet,Success,13.81,2025-06-25 13:00:12,2025-08-24 10:27:01
227,655,164,Card,Success,13.19,2025-07-14 13:00:12,2025-08-22 01:01:26
228,343,192,Card,Success,62.47,2025-07-02 13:00:12,2025-09-18 08:25:32
229,753,32,Cash,Failed,22.53,2025-08-22 13:00:12,2025-08-26 01:39:07
230,8,80,Card,Success,89.78,2025-09-11 13:00:12,2025-08-31 06:14:28
231,589,193,Wallet,Failed,97.23,2025-07-03 13:00:12,2025-09-20 07:49:36
232,590,171,Card,Pending,73.27,2025-07-18 13:00:12,2025-09-08 03:31:06
233,609,180,Cash,Success,93.31,2025-08-12 13:00:12,2025-08-31 22:39:12
234,32,91,Wallet,Pending,47.35,2025-09-07 13:00:12,2025-09-03 05:07:01
235,221,10,Cash,Failed,45.9,2025-09-07 13:00:12,2025-08-31 09:29:04
236,384,164,Cash,Pending,68.02,2025-08-11 13:00:12,2025-09-10 03:16:02
237,313,164,Card,Failed,27.15,2025-07-05 13:00:12,2025-08-27 00:13:30
238,185,192,Card,Success,74.05,2025-09-09 13:00:12,2025-08-25 01:41:49
239,151,117,Wallet,Pending,14.05,2025-08-20 13:00:12,2025-08-31 13:19:32
240,480,195,Wallet,Failed,49.23,2025-08-16 13:00:12,2025-09-12 23:00:57
241,548,46,Wallet,Pending,42.54,2025-09-01 13:00:12,2025-09-07 02:10:49
242,811,22,Card,Success,47.81,2025-07-10 13:00:12,2025-09-19 07:24:03
243,991,1,Cash,Pending,60.31,2025-09-01 13:00:12,2025-09-06 01:37:29
244,318,67,Card,Failed,19.48,2025-09-02 13:00:12,2025-09-07 01:30:46
245,25,68,Card,Success,35.61,2025-09-15 13:00:12,2025-09-11 10:01:45
246,45,90,Wallet,Pending,50.46,2025-09-16 13:00:12,2025-09-04 17:11:32
247,216,142,Card,Failed,30.09,2025-08-14 13:00:12,2025-09-14 13:00:40
248,644,76,Card,Success,70.9,2025-07-06 13:00:12,2025-09-11 08:40:16
249,163,51,Cash,Pending,70.72,2025-08-26 13:00:12,2025-08-21 21:35:21
250,87,70,Wallet,Pending,29.96,2025-08-24 13:00:12,2025-08-31 18:25:40
251,67,140,Cash,Pending,43.19,2025-09-10 13:00:12,2025-09-02 02:05:15
252,626,105,Wallet,Success,7.13,2025-08-12 13:00:12,2025-08-21 02:11:11
253,296,23,Cash,Success,42.58,2025-08-17 13:00:12,2025-09-08 02:50:25
254,412,12,Wallet,Pending,13.98,2025-07-03 13:00:12,2025-09-02 10:42:13
255,367,87,Cash,Pending,26.08,2025-08-12 13:00:12,2025-08-28 17:14:07
256,200,95,Wallet,Failed,90.44,2025-08-12 13:00:12,2025-09-11 09:04:58
257,563,52,Wallet,Failed,74.07,2025-08-06 13:00:12,2025-09-19 11:12:26
258,779,28,Wallet,Success,32.38,2025-06-24 13:00:12,2025-09-05 13:11:07
259,282,158,Wallet,Failed,37.27,2025-09-10 13:00:12,2025-09-12 08:09:55
260,72,132,Wallet,Pending,7.39,2025-08-01 13:00:12,2025-08-24 20:50:23
261,259,94,Cash,Pending,48.4,2025-07-09 13:00:12,2025-08-28 20:00:46
262,935,170,Wallet,Success,13.46,2025-09-03 13:00:12,2025-08-27 02:34:19
263,114,68,Card,Pending,16.25,2025-07-21 13:00:12,2025-09-13 16:26:04
264,942,46,Cash,Success,71.01,2025-08-16 13:00:12,2025-08-26 19:46:37
265,740,35,Wallet,Success,57.39,2025-07-05 13:00:12,2025-09-09 00:37:25
266,846,184,Wallet,Success,96.95,2025-09-11 13:00:12,2025-09-16 05:55:06
267,909,162,Card,Pending,51.1,2025-07-26 13:00:12,2025-08-30 08:12:39
268,492,48,Wallet,Success,34.86,2025-08-07 13:00:12,2025-09-12 07:45:14
269,465,182,Wallet,Pending,98.05,2025-08-31 13:00:12,2025-09-14 22:46:32
270,224,128,Card,Success,7.46,2025-07-12 13:00:12,2025-09-20 11:43:33
271,979,173,Wallet,Pending,32.73,2025-06-29 13:00:12,2025-09-06 05:00:44
272,739,6,Card,Pending,9.25,2025-09-02 13:00:12,2025-08-28 17:30:32
273,851,21,Wallet,Failed,81.64,2025-07-16 13:00:12,2025-09-16 12:11:21
274,921,152,Cash,Pending,61.18,2025-09-15 13:00:12,2025-09-01 15:42:28
275,132,65,Wallet,Success,21.01,2025-07-27 13:00:12,2025-09-16 12:37:37
276,955,145,Cash,Pending,30.63,2025-07-19 13:00:12,2025-09-18 08:17:52
277,4,146,Card,Success,72.8,2025-08-25 13:00:12,2025-08-31 10:38:55
278,156,179,Card,Success,53.7,2025-08-22 13:00:12,2025-08-30 07:54:41
279,211,160,Wallet,Failed,58.97,2025-06-28 13:00:12,2025-08-24 13:13:08
280,844,157,Card,Pending,81.14,2025-09-16 13:00:12,2025-09-20 04:06:52
281,239,2,Wallet,Failed,21.27,2025-08-24 13:00:12,2025-09-02 04:25:35
282,640,168,Card,Failed,43.44,2025-09-10 13:00:12,2025-09-06 08:19:25
283,234,47,Wallet,Failed,54.27,2025-09-11 13:00:12,2025-08-24 11:27:03
284,492,9,Card,Success,41.25,2025-09-09 13:00:12,2025-08-26 17:19:28
285,408,137,Cash,Pending,16.71,2025-07-11 13:00:12,2025-09-06 05:47:32
286,707,200,Wallet,Success,70.14,2025-09-20 13:00:12,2025-08-22 02:05:37
287,421,126,Wallet,Pending,25.32,2025-08-14 13:00:12,2025-09-13 18:02:14
288,525,158,Wallet,Pending,23.14,2025-09-01 13:00:12,2025-08-29 02:09:04
289,493,14,Cash,Pending,14.09,2025-07-24 13:00:12,2025-08-31 01:43:09
290,81,41,Wallet,Pending,72.29,2025-06-26 13:00:12,2025-08-23 17:08:29
291,267,88,Cash,Success,82.82,2025-08-18 13:00:12,2025-09-20 08:53:38
292,306,200,Cash,Pending,91.12,2025-09-08 13:00:12,2025-08-27 06:11:13
293,302,194,Cash,Success,64.0,2025-07-02 13:00:12,2025-09-02 12:15:16
294,775,52,Cash,Failed,45.27,2025-08-28 13:00:12,2025-08-24 15:16:49
295,276,66,Wallet,Success,71.47,2025-07-22 13:00:12,2025-09-14 01:05:47
296,905,176,Wallet,Failed,98.55,2025-09-11 13:00:12,2025-09-08 18:46:03
297,988,81,Wallet,Success,25.84,2025-09-10 13:00:12,2025-08-26 15:00:14
298,278,169,Card,Failed,34.98,2025-06-24 13:00:12,2025-09-07 19:15:02
299,522,104,Wallet,Failed,15.22,2025-08-25 13:00:12,2025-08-20 23:53:37
300,287,126,Wallet,Failed,58.41,2025-07-03 13:00:12,2025-09-14 11:42:19
301,779,112,Card,Success,28.12,2025-07-04 13:00:12,2025-08-26 06:21:58
302,459,118,Wallet,Success,72.6,2025-07-28 13:00:12,2025-09-03 03:33:38
303,389,27,Card,Success,23.13,2025-09-16 13:00:12,2025-08-22 03:37:09
304,983,191,Wallet,Success,78.44,2025-08-04 13:00:12,2025-09-06 01:12:09
305,133,34,Card,Failed,31.64,2025-06-30 13:00:12,2025-09-07 17:35:10
306,700,115,Card,Pending,82.87,2025-07-26 13:00:12,2025-09-16 01:40:26
307,789,113,Card,Failed,36.86,2025-09-10 13:00:12,2025-09-12 17:18:14
308,775,117,Cash,Failed,66.93,2025-07-05 13:00:12,2025-09-17 16:25:29
309,799,13,Card,Pending,72.28,2025-09-12 13:00:12,2025-09-11 13:13:11
310,128,120,Wallet,Failed,58.62,2025-09-11 13:00:12,2025-08-24 20:36:54
311,939,31,Cash,Pending,10.59,2025-06-25 13:00:12,2025-09-03 01:32:47
312,482,171,Card,Failed,62.51,2025-07-12 13:00:12,2025-09-06 01:31:08
313,815,87,Cash,Failed,6.17,2025-06-23 13:00:12,2025-09-18 20:27:51
314,969,121,Cash,Failed,52.64,2025-09-19 13:00:12,2025-08-31 05:17:04
315,37,167,Wallet,Failed,29.45,2025-08-07 13:00:12,2025-09-09 19:15:47
316,425,3,Cash,Failed,33.03,2025-09-01 13:00:12,2025-09-11 22:08:13
317,159,88,Cash,Success,61.95,2025-09-13 13:00:12,2025-08-27 18:24:04
318,757,42,Wallet,Success,32.18,2025-08-25 13:00:12,2025-09-11 10:25:22
319,797,149,Wallet,Pending,24.26,2025-07-04 13:00:12,2025-09-19 22:43:01
320,185,174,Cash,Failed,95.01,2025-09-18 13:00:12,2025-08-30 14:33:35
321,33,46,Card,Success,85.9,2025-06-22 13:00:12,2025-09-17 19:15:06
322,558,86,Cash,Pending,7.08,2025-09-12 13:00:12,2025-09-03 00:19:30
323,526,125,Wallet,Pending,97.45,2025-08-22 13:00:12,2025-09-03 06:43:31
324,812,142,Card,Pending,54.64,2025-08-13 13:00:12,2025-09-05 04:39:40
325,647,138,Card,Pending,46.2,2025-07-16 13:00:12,2025-09-14 22:17:33
326,987,153,Card,Success,19.31,2025-07-12 13:00:12,2025-09-07 15:05:25
327,937,142,Wallet,Success,95.82,2025-08-05 13:00:12,2025-09-10 04:55:37
328,222,170,Wallet,Pending,57.65,2025-07-25 13:00:12,2025-09-03 10:52:07
329,842,76,Cash,Pending,14.0,2025-06-30 13:00:12,2025-09-03 15:25:01
330,534,116,Wallet,Pending,13.76,2025-08-13 13:00:12,2025-08-28 10:08:24
331,54,16,Wallet,Pending,29.35,2025-08-22 13:00:12,2025-09-16 16:49:03
332,727,122,Card,Success,80.63,2025-09-18 13:00:12,2025-09-19 02:06:36
333,161,66,Card,Pending,69.74,2025-08-06 13:00:12,2025-08-30 05:46:03
334,316,116,Cash,Failed,24.83,2025-08-25 13:00:12,2025-09-06 15:16:19
335,931,69,Wallet,Success,25.75,2025-07-12 13:00:12,2025-09-08 22:08:53
336,982,94,Wallet,Failed,26.65,2025-07-26 13:00:12,2025-09-17 16:10:00
337,160,81,Card,Pending,6.73,2025-07-27 13:00:12,2025-09-02 09:45:39
338,580,17,Wallet,Failed,52.75,2025-09-14 13:00:12,2025-09-15 09:56:16
339,482,94,Card,Failed,17.6,2025-08-13 13:00:12,2025-08-23 05:06:05
340,197,198,Card,Pending,50.49,2025-08-22 13:00:12,2025-08-26 11:50:15
341,25,4,Card,Success,8.4,2025-09-04 13:00:12,2025-08-26 00:16:46
342,974,126,Cash,Pending,72.38,2025-08-23 13:00:12,2025-09-20 07:19:22
343,788,14,Card,Pending,19.28,2025-08-26 13:00:12,2025-09-07 10:57:14
344,356,199,Wallet,Failed,43.19,2025-07-03 13:00:12,2025-08-22 22:12:48
345,428,7,Card,Failed,18.89,2025-07-11 13:00:12,2025-09-08 01:47:23
346,377,199,Cash,Pending,36.27,2025-08-04 13:00:12,2025-09-19 20:05:34
347,495,112,Card,Pending,91.12,2025-09-15 13:00:12,2025-09-03 18:44:40
348,738,56,Wallet,Success,50.78,2025-08-11 13:00:12,2025-08-28 14:51:27
349,18,129,Wallet,Pending,71.12,2025-07-15 13:00:12,2025-08-20 18:31:57
350,696,108,Wallet,Success,98.68,2025-06-22 13:00:12,2025-09-13 04:37:15
351,426,99,Cash,Pending,92.54,2025-07-22 13:00:12,2025-08-20 21:10:12
352,179,179,Card,Failed,94.36,2025-07-24 13:00:12,2025-08-24 07:26:29
353,912,88,Card,Failed,99.5,2025-07-07 13:00:12,2025-09-14 00:39:10
354,205,131,Wallet,Pending,46.52,2025-07-06 13:00:12,2025-09-15 20:59:11
355,794,133,Card,Failed,23.13,2025-09-11 13:00:12,2025-09-06 03:31:48
356,179,13,Card,Pending,27.79,2025-09-08 13:00:12,2025-08-27 04:48:48
357,215,13,Wallet,Failed,72.22,2025-09-20 13:00:12,2025-08-30 15:51:22
358,7,119,Wallet,Failed,79.74,2025-08-27 13:00:12,2025-09-06 07:51:05
359,77,168,Card,Pending,34.22,2025-08-07 13:00:12,2025-08-27 18:44:52
360,420,17,Cash,Failed,12.18,2025-09-07 13:00:12,2025-08-23 03:14:56
361,723,3,Wallet,Success,78.97,2025-07-13 13:00:12,2025-09-19 23:36:39
362,750,112,Cash,Pending,75.59,2025-07-30 13:00:12,2025-09-01 10:38:19
363,394,65,Wallet,Pending,94.31,2025-08-03 13:00:12,2025-09-20 06:55:40
364,384,22,Wallet,Success,83.38,2025-07-09 13:00:12,2025-08-28 23:14:25
365,344,198,Cash,Failed,22.54,2025-08-20 13:00:12,2025-08-30 20:58:53
366,829,4,Card,Success,95.38,2025-08-01 13:00:12,2025-08-30 13:47:27
367,746,14,Wallet,Success,78.78,2025-07-02 13:00:12,2025-08-24 05:54:05
368,690,145,Card,Pending,36.32,2025-08-21 13:00:12,2025-09-07 09:38:04
369,190,89,Cash,Failed,39.37,2025-08-30 13:00:12,2025-09-01 16:20:46
370,469,179,Cash,Pending,53.51,2025-06-22 13:00:12,2025-08-27 00:23:53
371,897,2,Cash,Failed,47.78,2025-08-18 13:00:12,2025-08-31 13:35:11
372,62,173,Wallet,Success,5.58,2025-06-25 13:00:12,2025-09-09 05:29:58
373,267,97,Wallet,Success,59.21,2025-06-23 13:00:12,2025-08-25 19:32:22
374,851,111,Cash,Failed,73.79,2025-07-02 13:00:12,2025-09-11 15:57:54
375,627,192,Cash,Pending,49.05,2025-08-09 13:00:12,2025-09-03 15:46:32
376,603,160,Card,Failed,47.65,2025-07-25 13:00:12,2025-09-12 08:39:31
377,234,183,Card,Success,65.42,2025-09-20 13:00:12,2025-09-16 04:54:31
378,661,199,Cash,Success,64.8,2025-07-01 13:00:12,2025-08-20 15:53:10
379,74,179,Wallet,Failed,87.91,2025-07-10 13:00:12,2025-09-20 01:17:48
380,600,113,Cash,Failed,38.41,2025-07-02 13:00:12,2025-09-03 11:38:50
381,88,13,Card,Success,62.33,2025-09-04 13:00:12,2025-08-23 14:20:34
382,984,76,Cash,Success,89.74,2025-07-24 13:00:12,2025-09-07 09:25:58
383,419,149,Cash,Pending,20.63,2025-07-07 13:00:12,2025-08-21 21:00:19
384,582,173,Card,Pending,49.79,2025-09-11 13:00:12,2025-09-10 08:25:16
385,918,159,Cash,Failed,27.54,2025-08-26 13:00:12,2025-08-28 02:42:35
386,629,50,Card,Success,80.45,2025-07-17 13:00:12,2025-08-29 22:43:12
387,125,173,Card,Success,98.02,2025-07-19 13:00:12,2025-09-05 18:18:55
388,713,99,Cash,Pending,72.23,2025-07-10 13:00:12,2025-08-24 21:39:04
389,778,53,Card,Failed,40.48,2025-08-24 13:00:12,2025-09-09 16:53:37
390,828,61,Wallet,Pending,20.08,2025-07-29 13:00:12,2025-09-08 06:28:37
391,194,80,Card,Pending,5.04,2025-08-10 13:00:12,2025-08-21 02:05:45
392,286,171,Wallet,Success,41.55,2025-08-18 13:00:12,2025-09-14 13:26:51
393,208,39,Card,Success,17.63,2025-08-09 13:00:12,2025-08-29 19:32:15
394,11,54,Cash,Success,32.38,2025-07-10 13:00:12,2025-09-13 02:12:20
395,87,25,Wallet,Pending,66.83,2025-06-25 13:00:12,2025-09-12 20:54:40
396,288,199,Wallet,Pending,17.97,2025-08-04 13:00:12,2025-09-16 21:06:34
397,938,123,Cash,Pending,63.26,2025-06-23 13:00:12,2025-09-13 18:51:34
398,905,27,Wallet,Pending,13.51,2025-09-06 13:00:12,2025-08-29 20:42:34
399,171,24,Cash,Pending,56.67,2025-07-26 13:00:12,2025-08-29 12:49:44
400,559,195,Cash,Pending,29.96,2025-07-21 13:00:12,2025-09-17 14:50:00
401,77,156,Cash,Success,31.58,2025-08-31 13:00:12,2025-09-07 07:59:02
402,612,177,Wallet,Failed,78.35,2025-06-27 13:00:12,2025-09-15 13:17:30
403,720,64,Cash,Pending,54.06,2025-08-06 13:00:12,2025-08-28 23:38:27
404,273,17,Wallet,Pending,86.16,2025-09-03 13:00:12,2025-08-22 09:52:08
405,65,25,Cash,Pending,19.21,2025-07-18 13:00:12,2025-09-05 04:53:26
406,733,5,Wallet,Pending,87.41,2025-07-06 13:00:12,2025-08-25 09:01:13
407,852,23,Card,Failed,33.77,2025-08-15 13:00:12,2025-08-28 00:50:45
408,525,88,Cash,Success,63.21,2025-09-02 13:00:12,2025-09-07 15:18:05
409,88,36,Wallet,Pending,49.69,2025-09-14 13:00:12,2025-08-28 00:06:32
410,578,93,Cash,Success,44.05,2025-07-19 13:00:12,2025-09-13 16:43:36
411,258,92,Cash,Failed,86.76,2025-07-04 13:00:12,2025-08-21 13:39:36
412,579,132,Card,Success,21.56,2025-09-12 13:00:12,2025-09-12 13:25:13
413,442,196,Card,Pending,5.55,2025-08-29 13:00:12,2025-08-24 10:58:02
414,946,48,Cash,Failed,36.68,2025-06-26 13:00:12,2025-08-26 05:38:28
415,500,194,Cash,Pending,62.54,2025-09-16 13:00:12,2025-09-10 03:15:06
416,817,173,Card,Pending,24.29,2025-08-06 13:00:12,2025-08-30 11:02:30
417,863,97,Cash,Success,83.14,2025-08-10 13:00:12,2025-09-02 20:50:02
418,576,60,Cash,Pending,56.41,2025-07-09 13:00:12,2025-08-27 08:34:40
419,788,114,Wallet,Success,19.98,2025-08-24 13:00:12,2025-09-13 23:07:19
420,272,171,Wallet,Success,92.88,2025-07-27 13:00:12,2025-09-06 13:42:16
421,223,156,Card,Pending,88.75,2025-09-02 13:00:12,2025-08-21 14:53:04
422,816,196,Wallet,Success,63.54,2025-08-20 13:00:12,2025-09-14 05:16:56
423,727,177,Card,Pending,22.11,2025-09-16 13:00:12,2025-08-26 15:13:37
424,552,94,Cash,Pending,64.83,2025-07-31 13:00:12,2025-08-31 06:50:55
425,744,89,Card,Pending,58.05,2025-07-22 13:00:12,2025-08-21 04:47:51
426,509,176,Wallet,Success,29.7,2025-08-23 13:00:12,2025-08-27 03:42:42
427,747,26,Card,Pending,76.9,2025-07-05 13:00:12,2025-08-21 04:59:58
428,880,181,Wallet,Pending,97.56,2025-07-04 13:00:12,2025-08-26 18:14:17
429,533,145,Cash,Failed,71.57,2025-08-27 13:00:12,2025-09-08 11:47:25
430,749,200,Wallet,Success,91.02,2025-08-02 13:00:12,2025-09-19 05:48:12
431,105,97,Card,Success,86.19,2025-08-11 13:00:12,2025-09-01 06:12:50
432,684,96,Cash,Failed,75.17,2025-06-29 13:00:12,2025-09-14 10:57:02
433,585,54,Wallet,Pending,61.69,2025-07-03 13:00:12,2025-08-26 18:28:17
434,638,6,Wallet,Failed,66.87,2025-09-16 13:00:12,2025-08-24 21:29:33
435,691,84,Cash,Failed,85.24,2025-07-21 13:00:12,2025-08-27 08:42:06
436,654,51,Cash,Failed,35.81,2025-06-29 13:00:12,2025-08-23 15:27:36
437,248,60,Wallet,Success,60.13,2025-07-15 13:00:12,2025-08-21 02:00:48
438,107,164,Cash,Pending,51.43,2025-08-27 13:00:12,2025-09-14 10:23:55
439,753,12,Card,Success,56.49,2025-08-11 13:00:12,2025-08-31 07:34:49
440,310,1,Wallet,Failed,33.89,2025-09-16 13:00:12,2025-09-11 20:14:45
441,944,61,Cash,Pending,87.2,2025-07-10 13:00:12,2025-09-09 00:29:45
442,419,27,Card,Failed,80.89,2025-09-01 13:00:12,2025-09-04 07:34:42
443,422,113,Wallet,Success,39.97,2025-09-20 13:00:12,2025-09-14 03:36:08
444,774,51,Cash,Failed,43.52,2025-06-26 13:00:12,2025-08-22 12:48:50
445,550,108,Card,Pending,30.55,2025-08-18 13:00:12,2025-09-11 21:10:51
446,781,27,Wallet,Failed,29.77,2025-08-05 13:00:12,2025-08-23 13:33:47
447,363,170,Wallet,Failed,68.67,2025-08-20 13:00:12,2025-08-21 06:31:05
448,624,94,Cash,Failed,23.02,2025-06-23 13:00:12,2025-09-18 00:15:29
449,59,121,Wallet,Failed,74.4,2025-08-25 13:00:12,2025-08-22 13:46:31
450,122,144,Wallet,Pending,98.9,2025-08-15 13:00:12,2025-08-24 02:22:35
451,111,151,Card,Success,91.06,2025-08-24 13:00:12,2025-08-23 15:02:13
452,735,110,Card,Success,97.84,2025-08-25 13:00:12,2025-08-21 00:33:41
453,87,117,Card,Failed,27.45,2025-08-04 13:00:12,2025-09-07 04:47:58
454,220,2,Card,Success,68.85,2025-08-09 13:00:12,2025-08-29 23:40:29
455,609,41,Cash,Failed,45.96,2025-08-15 13:00:12,2025-09-12 23:40:25
456,416,130,Wallet,Pending,87.62,2025-08-15 13:00:12,2025-09-11 21:10:32
457,374,36,Cash,Pending,10.75,2025-06-28 13:00:12,2025-09-10 16:19:08
458,260,117,Card,Success,94.6,2025-09-14 13:00:12,2025-08-26 08:39:04
459,416,32,Cash,Failed,59.41,2025-07-17 13:00:12,2025-08-26 09:01:39
460,596,117,Wallet,Failed,32.16,2025-09-13 13:00:12,2025-09-09 09:09:22
461,532,164,Wallet,Pending,92.11,2025-09-12 13:00:12,2025-09-03 00:20:39
462,493,131,Cash,Pending,88.32,2025-08-27 13:00:12,2025-08-23 11:16:21
463,515,87,Wallet,Failed,25.83,2025-08-16 13:00:12,2025-09-09 04:53:34
464,832,76,Cash,Pending,66.34,2025-09-13 13:00:12,2025-08-23 09:06:58
465,482,76,Card,Success,89.25,2025-07-21 13:00:12,2025-09-02 19:18:39
466,122,153,Cash,Failed,48.56,2025-08-06 13:00:12,2025-08-29 22:52:55
467,238,132,Card,Success,51.96,2025-06-27 13:00:12,2025-09-12 02:09:04
468,462,200,Wallet,Failed,16.17,2025-09-09 13:00:12,2025-09-14 16:13:12
469,463,95,Card,Pending,99.84,2025-07-05 13:00:12,2025-08-22 09:18:19
470,96,181,Card,Success,59.43,2025-07-18 13:00:12,2025-09-19 14:17:37
471,53,80,Wallet,Success,72.28,2025-09-15 13:00:12,2025-09-01 06:29:57
472,925,12,Card,Success,46.99,2025-08-27 13:00:12,2025-09-04 13:15:53
473,186,2,Cash,Success,56.9,2025-08-18 13:00:12,2025-09-08 21:55:21
474,180,172,Cash,Pending,6.2,2025-08-14 13:00:12,2025-09-16 04:01:59
475,813,11,Cash,Success,35.93,2025-07-15 13:00:12,2025-09-02 01:37:46
476,101,31,Card,Success,97.84,2025-07-25 13:00:12,2025-08-29 07:13:39
477,800,194,Card,Pending,27.94,2025-07-21 13:00:12,2025-09-12 05:47:30
478,448,110,Wallet,Failed,85.25,2025-06-30 13:00:12,2025-09-08 08:41:45
479,922,71,Card,Failed,23.59,2025-07-27 13:00:12,2025-08-31 15:01:54
480,830,75,Wallet,Pending,69.86,2025-09-15 13:00:12,2025-09-11 20:23:16
481,515,72,Wallet,Failed,42.87,2025-07-30 13:00:12,2025-08-22 17:50:57
482,103,39,Card,Success,18.21,2025-07-27 13:00:12,2025-09-20 08:34:37
483,734,117,Cash,Pending,77.34,2025-08-23 13:00:12,2025-08-30 04:59:58
484,244,31,Card,Failed,88.23,2025-09-18 13:00:12,2025-09-17 04:04:19
485,30,135,Wallet,Pending,53.3,2025-09-18 13:00:12,2025-09-11 11:29:23
486,93,192,Cash,Pending,81.55,2025-07-22 13:00:12,2025-09-05 03:51:37
487,368,137,Wallet,Success,42.12,2025-06-29 13:00:12,2025-09-05 17:05:48
488,277,179,Wallet,Pending,55.03,2025-09-05 13:00:12,2025-09-11 11:31:12
489,374,152,Wallet,Success,38.88,2025-08-21 13:00:12,2025-09-06 11:26:27
490,428,37,Wallet,Pending,5.51,2025-08-23 13:00:12,2025-09-19 05:30:40
491,668,15,Cash,Failed,86.4,2025-07-01 13:00:12,2025-09-03 12:33:20
492,338,10,Wallet,Failed,53.43,2025-08-13 13:00:12,2025-09-15 09:53:14
493,159,130,Card,Pending,11.75,2025-07-27 13:00:12,2025-09-18 13:10:26
494,346,49,Cash,Pending,8.14,2025-09-08 13:00:12,2025-08-26 03:41:32
495,925,73,Cash,Success,44.28,2025-08-17 13:00:12,2025-08-27 21:48:26
496,972,11,Wallet,Pending,9.83,2025-06-25 13:00:12,2025-08-29 15:35:15
497,823,49,Card,Pending,61.07,2025-09-08 13:00:12,2025-09-13 19:28:46
498,447,93,Card,Success,36.04,2025-06-28 13:00:12,2025-09-03 08:01:49
499,147,82,Card,Pending,11.59,2025-07-25 13:00:12,2025-09-20 00:42:40
500,635,121,Card,Pending,39.74,2025-09-11 13:00:12,2025-08-23 02:40:12
501,227,21,Wallet,Success,28.74,2025-09-08 13:00:12,2025-09-06 02:34:53
502,58,43,Wallet,Failed,59.46,2025-08-07 13:00:12,2025-08-30 02:24:50
503,728,94,Card,Success,20.77,2025-09-20 13:00:12,2025-08-24 13:35:58
504,653,126,Card,Failed,96.01,2025-07-20 13:00:12,2025-09-18 00:29:55
505,649,130,Card,Failed,95.53,2025-06-23 13:00:12,2025-09-05 07:09:49
506,733,121,Card,Pending,17.1,2025-08-17 13:00:12,2025-09-15 11:16:41
507,44,168,Cash,Failed,48.89,2025-08-02 13:00:12,2025-09-06 15:59:12
508,505,85,Cash,Success,17.78,2025-09-10 13:00:12,2025-08-27 00:13:45
509,190,49,Card,Pending,13.36,2025-08-06 13:00:12,2025-08-29 22:04:42
510,796,67,Card,Success,81.64,2025-07-16 13:00:12,2025-08-26 03:39:13
511,549,178,Cash,Pending,23.13,2025-09-19 13:00:12,2025-09-10 22:40:10
512,497,188,Cash,Failed,59.01,2025-08-23 13:00:12,2025-08-24 11:17:10
513,331,162,Card,Pending,14.52,2025-07-05 13:00:12,2025-08-30 07:44:49
514,17,6,Card,Pending,39.11,2025-09-11 13:00:12,2025-09-17 14:06:13
515,913,23,Card,Failed,66.62,2025-08-06 13:00:12,2025-09-06 22:04:14
516,808,158,Card,Success,16.8,2025-07-31 13:00:12,2025-09-07 10:43:25
517,421,7,Card,Failed,34.02,2025-07-01 13:00:12,2025-09-02 07:21:25
518,774,12,Cash,Failed,96.25,2025-08-20 13:00:12,2025-08-29 18:01:33
519,23,185,Card,Success,30.83,2025-06-22 13:00:12,2025-09-11 11:25:36
520,161,195,Cash,Failed,23.86,2025-07-22 13:00:12,2025-09-07 01:32:10
521,412,26,Cash,Failed,86.63,2025-08-16 13:00:12,2025-09-03 18:51:53
522,160,108,Card,Success,31.09,2025-09-07 13:00:12,2025-08-27 21:15:49
523,302,89,Wallet,Success,26.81,2025-07-10 13:00:12,2025-09-03 13:02:51
524,296,108,Card,Pending,81.15,2025-08-26 13:00:12,2025-09-12 23:21:08
525,757,196,Cash,Pending,95.75,2025-06-26 13:00:12,2025-09-11 20:19:20
526,962,71,Card,Failed,9.59,2025-09-18 13:00:12,2025-08-28 12:59:19
527,865,68,Wallet,Success,35.86,2025-08-15 13:00:12,2025-08-21 18:48:36
528,508,41,Wallet,Failed,76.91,2025-08-07 13:00:12,2025-09-10 11:42:06
529,389,115,Card,Success,18.62,2025-07-29 13:00:12,2025-09-05 01:40:04
530,545,15,Card,Pending,33.27,2025-07-22 13:00:12,2025-09-15 06:52:17
531,245,12,Wallet,Success,78.74,2025-06-25 13:00:12,2025-09-05 20:54:34
532,432,135,Cash,Pending,27.26,2025-09-03 13:00:12,2025-08-26 07:21:01
533,32,135,Wallet,Pending,99.18,2025-08-03 13:00:12,2025-08-30 04:54:32
534,63,3,Wallet,Failed,6.44,2025-08-06 13:00:12,2025-08-31 13:14:38
535,60,112,Card,Pending,10.61,2025-08-19 13:00:12,2025-09-12 09:18:18
536,331,141,Card,Failed,19.71,2025-08-17 13:00:12,2025-09-13 18:43:23
537,202,101,Cash,Pending,17.92,2025-06-27 13:00:12,2025-09-18 05:19:24
538,314,191,Card,Failed,17.68,2025-06-25 13:00:12,2025-08-28 01:38:34
539,404,115,Cash,Pending,59.37,2025-08-16 13:00:12,2025-09-19 22:57:38
540,707,32,Card,Pending,76.49,2025-09-05 13:00:12,2025-08-27 12:45:41
541,228,121,Cash,Pending,92.53,2025-07-11 13:00:12,2025-09-12 08:11:25
542,880,86,Wallet,Pending,84.23,2025-09-10 13:00:12,2025-09-10 16:12:09
543,252,42,Card,Pending,46.5,2025-07-31 13:00:12,2025-09-20 05:12:09
544,423,67,Wallet,Success,81.64,2025-09-18 13:00:12,2025-09-14 03:08:27
545,884,176,Cash,Success,89.4,2025-07-17 13:00:12,2025-09-09 19:21:48
546,563,199,Cash,Failed,67.38,2025-08-22 13:00:12,2025-09-14 00:16:59
547,929,145,Cash,Pending,67.26,2025-06-27 13:00:12,2025-09-03 19:32:44
548,96,125,Card,Success,42.7,2025-08-06 13:00:12,2025-09-09 11:14:15
549,268,133,Wallet,Pending,56.71,2025-07-07 13:00:12,2025-08-23 18:44:22
550,583,181,Card,Success,18.11,2025-09-05 13:00:12,2025-08-29 06:20:28
551,301,105,Card,Pending,34.94,2025-08-11 13:00:12,2025-09-19 07:25:03
552,364,3,Card,Failed,92.87,2025-08-16 13:00:12,2025-09-12 21:03:18
553,873,74,Card,Pending,59.37,2025-09-09 13:00:12,2025-08-25 14:54:49
554,981,179,Card,Failed,65.4,2025-07-09 13:00:12,2025-09-01 22:53:11
555,852,66,Card,Failed,67.58,2025-08-25 13:00:12,2025-09-12 22:36:11
556,444,78,Cash,Failed,47.08,2025-07-14 13:00:12,2025-09-20 07:39:42
557,96,86,Card,Failed,20.62,2025-07-13 13:00:12,2025-08-21 23:22:44
558,136,151,Wallet,Success,76.63,2025-07-10 13:00:12,2025-09-05 20:32:40
559,24,167,Card,Pending,85.45,2025-07-14 13:00:12,2025-09-06 10:35:09
560,207,37,Card,Pending,49.97,2025-06-28 13:00:12,2025-09-14 14:05:04
561,333,8,Wallet,Pending,32.66,2025-07-31 13:00:12,2025-09-14 23:32:42
562,152,9,Cash,Pending,42.87,2025-08-28 13:00:12,2025-09-10 14:56:27
563,333,102,Wallet,Pending,76.11,2025-07-15 13:00:12,2025-09-19 09:40:36
564,998,75,Card,Success,38.21,2025-09-05 13:00:12,2025-09-19 10:43:11
565,792,117,Wallet,Success,56.75,2025-08-06 13:00:12,2025-09-10 17:30:00
566,319,106,Cash,Success,99.39,2025-09-18 13:00:12,2025-08-29 14:47:40
567,56,122,Cash,Success,56.89,2025-08-29 13:00:12,2025-08-23 09:13:57
568,666,116,Wallet,Success,63.34,2025-09-10 13:00:12,2025-09-19 16:56:11
569,355,111,Card,Failed,74.77,2025-08-20 13:00:12,2025-09-06 23:34:44
570,265,45,Wallet,Failed,29.04,2025-08-22 13:00:12,2025-09-06 16:22:49
571,581,158,Card,Success,90.31,2025-08-27 13:00:12,2025-09-05 15:37:29
572,489,55,Card,Failed,43.57,2025-08-23 13:00:12,2025-09-13 17:01:00
573,493,36,Card,Failed,84.67,2025-08-11 13:00:12,2025-08-28 03:55:20
574,448,197,Cash,Pending,95.91,2025-07-27 13:00:12,2025-09-03 11:43:16
575,893,143,Cash,Success,96.99,2025-07-28 13:00:12,2025-08-28 01:11:42
576,857,149,Wallet,Pending,53.31,2025-09-13 13:00:12,2025-09-18 11:03:42
577,633,24,Cash,Pending,39.19,2025-08-16 13:00:12,2025-08-23 03:33:14
578,725,144,Wallet,Failed,68.43,2025-07-29 13:00:12,2025-09-13 13:29:29
579,234,1,Cash,Pending,77.9,2025-07-05 13:00:12,2025-08-22 12:04:45
580,792,167,Card,Failed,45.85,2025-08-19 13:00:12,2025-09-11 17:24:07
581,34,144,Cash,Failed,48.89,2025-09-09 13:00:12,2025-09-09 07:14:29
582,574,96,Wallet,Failed,98.83,2025-08-19 13:00:12,2025-08-21 10:35:43
583,681,192,Cash,Pending,5.23,2025-07-05 13:00:12,2025-09-19 04:10:22
584,206,37,Cash,Pending,81.04,2025-07-29 13:00:12,2025-09-04 22:15:49
585,969,173,Wallet,Failed,7.14,2025-08-14 13:00:12,2025-09-10 17:11:15
586,510,75,Cash,Failed,41.35,2025-09-11 13:00:12,2025-08-23 10:27:17
587,274,177,Card,Pending,46.68,2025-07-20 13:00:12,2025-09-05 18:33:45
588,176,182,Cash,Success,32.43,2025-06-24 13:00:12,2025-09-09 04:37:04
589,12,177,Card,Pending,40.19,2025-07-29 13:00:12,2025-08-31 22:09:32
590,215,32,Card,Pending,25.95,2025-09-02 13:00:12,2025-08-28 19:06:04
591,524,173,Card,Failed,44.43,2025-09-15 13:00:12,2025-08-29 06:38:03
592,905,43,Wallet,Failed,13.86,2025-08-01 13:00:12,2025-08-31 09:15:35
593,604,30,Card,Pending,61.22,2025-09-19 13:00:12,2025-09-07 09:36:47
594,981,88,Wallet,Success,69.28,2025-08-15 13:00:12,2025-08-25 22:45:41
595,77,123,Cash,Success,50.56,2025-07-11 13:00:12,2025-08-21 22:01:08
596,331,132,Cash,Success,43.09,2025-06-26 13:00:12,2025-09-01 12:05:29
597,343,107,Cash,Failed,54.15,2025-09-12 13:00:12,2025-08-25 12:32:52
598,191,174,Card,Failed,6.9,2025-07-29 13:00:12,2025-09-11 17:35:47
599,74,93,Card,Success,92.92,2025-07-09 13:00:12,2025-09-05 12:29:59
600,321,75,Wallet,Failed,8.18,2025-09-14 13:00:12,2025-09-03 06:22:06
601,725,165,Card,Success,53.92,2025-08-19 13:00:12,2025-09-10 03:13:16
602,384,198,Cash,Failed,58.38,2025-06-22 13:00:12,2025-09-06 15:05:23
603,70,16,Cash,Failed,39.97,2025-08-11 13:00:12,2025-08-23 01:28:23
604,595,118,Cash,Pending,47.73,2025-07-02 13:00:12,2025-09-10 04:48:56
605,963,138,Card,Failed,16.16,2025-06-22 13:00:12,2025-09-10 21:17:09
606,101,106,Cash,Success,78.42,2025-07-23 13:00:12,2025-08-30 19:19:43
607,553,6,Cash,Failed,52.64,2025-07-31 13:00:12,2025-09-14 16:26:14
608,52,107,Card,Pending,90.12,2025-09-12 13:00:12,2025-09-06 04:53:48
609,862,162,Wallet,Success,59.9,2025-08-04 13:00:12,2025-08-24 02:13:46
610,654,165,Cash,Success,82.0,2025-09-09 13:00:12,2025-09-04 01:20:19
611,985,120,Wallet,Failed,49.98,2025-08-10 13:00:12,2025-09-12 00:26:20
612,936,16,Cash,Failed,18.49,2025-07-24 13:00:12,2025-09-05 02:01:46
613,463,74,Cash,Pending,96.04,2025-07-27 13:00:12,2025-09-15 13:47:09
614,844,44,Wallet,Success,39.38,2025-08-05 13:00:12,2025-08-23 20:41:10
615,17,51,Cash,Success,58.37,2025-08-05 13:00:12,2025-09-04 11:14:32
616,290,23,Card,Failed,26.11,2025-08-24 13:00:12,2025-08-27 01:50:54
617,139,157,Cash,Pending,30.98,2025-09-03 13:00:12,2025-09-06 16:50:41
618,29,135,Cash,Pending,13.78,2025-08-12 13:00:12,2025-08-27 11:50:17
619,41,109,Wallet,Pending,48.83,2025-08-29 13:00:12,2025-09-01 00:35:25
620,154,91,Card,Pending,10.12,2025-09-02 13:00:12,2025-09-01 03:20:38
621,300,129,Card,Success,65.61,2025-08-02 13:00:12,2025-08-27 15:55:47
622,868,14,Cash,Pending,85.42,2025-07-20 13:00:12,2025-09-10 05:06:24
623,284,110,Card,Success,47.2,2025-07-09 13:00:12,2025-09-15 07:00:48
624,808,7,Wallet,Success,60.8,2025-08-31 13:00:12,2025-09-13 03:15:57
625,414,77,Cash,Success,49.26,2025-07-24 13:00:12,2025-09-11 19:58:54
626,952,106,Wallet,Success,28.18,2025-07-28 13:00:12,2025-08-22 16:38:04
627,990,185,Wallet,Failed,75.02,2025-07-02 13:00:12,2025-09-08 19:44:49
628,359,2,Cash,Success,42.72,2025-09-09 13:00:12,2025-08-24 19:35:52
629,463,37,Card,Failed,55.75,2025-07-06 13:00:12,2025-08-28 04:04:49
630,378,65,Cash,Pending,22.02,2025-06-22 13:00:12,2025-09-07 00:40:33
631,535,155,Card,Failed,53.58,2025-06-30 13:00:12,2025-09-03 06:58:46
632,318,98,Cash,Failed,42.96,2025-09-03 13:00:12,2025-08-28 21:29:36
633,521,32,Cash,Success,14.54,2025-09-14 13:00:12,2025-09-08 15:38:02
634,432,30,Cash,Failed,27.42,2025-08-08 13:00:12,2025-09-14 06:48:13
635,223,24,Cash,Success,21.07,2025-07-09 13:00:12,2025-09-19 12:12:50
636,962,143,Cash,Pending,31.62,2025-07-03 13:00:12,2025-08-29 22:34:59
637,76,112,Wallet,Pending,97.16,2025-07-20 13:00:12,2025-09-10 05:34:36
638,508,20,Card,Pending,53.43,2025-06-22 13:00:12,2025-09-10 06:46:01
639,227,114,Card,Failed,12.79,2025-08-18 13:00:12,2025-09-10 02:22:15
640,477,28,Card,Success,61.19,2025-07-30 13:00:12,2025-09-01 04:52:41
641,57,61,Wallet,Failed,10.77,2025-08-01 13:00:12,2025-09-14 13:14:05
642,722,87,Wallet,Pending,57.22,2025-09-09 13:00:12,2025-09-12 05:08:23
643,533,171,Cash,Pending,9.85,2025-07-04 13:00:12,2025-08-25 01:22:01
644,279,83,Card,Pending,64.96,2025-09-15 13:00:12,2025-09-18 15:57:57
645,888,46,Cash,Failed,98.95,2025-09-10 13:00:12,2025-08-30 16:27:18
646,438,165,Cash,Failed,35.63,2025-07-02 13:00:12,2025-09-03 13:18:54
647,56,80,Wallet,Pending,93.64,2025-08-30 13:00:12,2025-08-25 00:45:16
648,378,157,Card,Success,41.47,2025-07-14 13:00:12,2025-08-24 18:33:47
649,75,17,Cash,Success,85.96,2025-09-09 13:00:12,2025-09-13 07:06:35
650,818,93,Card,Pending,60.04,2025-07-14 13:00:12,2025-09-13 02:26:36
651,353,155,Wallet,Success,8.88,2025-09-15 13:00:12,2025-09-11 22:25:25
652,942,102,Card,Success,9.55,2025-06-22 13:00:12,2025-08-23 20:18:42
653,686,25,Wallet,Success,56.44,2025-09-10 13:00:12,2025-09-02 02:59:06
654,18,32,Wallet,Success,43.14,2025-09-05 13:00:12,2025-08-20 14:04:56
655,377,142,Cash,Pending,17.55,2025-09-04 13:00:12,2025-08-24 08:27:08
656,191,54,Wallet,Failed,77.92,2025-09-12 13:00:12,2025-09-05 14:20:34
657,532,56,Card,Success,62.14,2025-06-30 13:00:12,2025-09-10 15:50:24
658,682,84,Wallet,Pending,41.82,2025-06-27 13:00:12,2025-08-30 21:21:48
659,411,53,Wallet,Failed,58.68,2025-07-12 13:00:12,2025-08-30 20:40:16
660,721,183,Wallet,Pending,82.78,2025-08-04 13:00:12,2025-08-27 19:24:07
661,382,2,Cash,Success,57.8,2025-07-14 13:00:12,2025-08-30 16:53:19
662,78,35,Wallet,Failed,37.96,2025-08-10 13:00:12,2025-09-09 08:35:31
663,151,189,Wallet,Success,20.63,2025-08-02 13:00:12,2025-09-19 16:19:47
664,921,12,Card,Success,84.19,2025-07-16 13:00:12,2025-08-26 22:04:17
665,457,25,Wallet,Pending,69.35,2025-07-06 13:00:12,2025-09-14 15:41:04
666,985,44,Cash,Success,84.26,2025-08-08 13:00:12,2025-08-28 23:15:11
667,416,170,Cash,Pending,53.4,2025-07-28 13:00:12,2025-08-31 03:40:35
668,765,72,Wallet,Pending,43.99,2025-07-13 13:00:12,2025-08-21 00:14:20
669,636,43,Wallet,Failed,85.85,2025-09-19 13:00:12,2025-08-30 12:35:14
670,504,183,Card,Failed,21.64,2025-07-16 13:00:12,2025-09-19 23:59:26
671,571,165,Wallet,Failed,92.2,2025-08-03 13:00:12,2025-09-04 22:13:49
672,402,35,Wallet,Success,33.61,2025-07-25 13:00:12,2025-08-30 02:07:36
673,715,112,Wallet,Failed,47.42,2025-07-19 13:00:12,2025-09-05 00:29:04
674,333,77,Cash,Success,24.42,2025-07-16 13:00:12,2025-08-27 01:07:30
675,468,31,Card,Pending,55.19,2025-07-09 13:00:12,2025-08-27 15:57:55
676,168,111,Cash,Pending,25.15,2025-07-20 13:00:12,2025-08-31 21:01:08
677,472,5,Card,Success,54.93,2025-07-10 13:00:12,2025-09-04 03:52:34
678,348,167,Card,Failed,43.43,2025-07-22 13:00:12,2025-08-31 20:44:10
679,578,129,Cash,Success,70.37,2025-08-10 13:00:12,2025-09-10 17:03:06
680,981,179,Wallet,Success,94.02,2025-07-17 13:00:12,2025-09-18 21:50:19
681,995,173,Cash,Pending,18.93,2025-07-19 13:00:12,2025-08-23 15:50:23
682,56,7,Cash,Success,86.25,2025-09-12 13:00:12,2025-08-29 04:39:26
683,544,27,Cash,Success,27.18,2025-07-15 13:00:12,2025-09-04 11:41:32
684,773,59,Card,Failed,5.41,2025-06-25 13:00:12,2025-09-12 08:59:11
685,194,147,Card,Pending,64.73,2025-07-16 13:00:12,2025-09-10 01:26:27
686,486,187,Cash,Pending,69.74,2025-08-14 13:00:12,2025-08-24 15:06:04
687,20,4,Cash,Pending,20.49,2025-08-20 13:00:12,2025-08-28 20:24:49
688,726,121,Wallet,Failed,34.81,2025-07-15 13:00:12,2025-09-03 06:00:03
689,310,104,Card,Failed,19.67,2025-06-22 13:00:12,2025-09-05 19:51:44
690,668,108,Cash,Pending,65.18,2025-08-06 13:00:12,2025-09-14 18:53:12
691,973,115,Card,Success,48.01,2025-09-01 13:00:12,2025-09-17 05:53:41
692,444,167,Card,Success,89.41,2025-06-30 13:00:12,2025-09-16 06:56:14
693,128,16,Cash,Success,53.95,2025-08-16 13:00:12,2025-09-08 18:12:23
694,736,55,Cash,Pending,30.87,2025-07-02 13:00:12,2025-08-24 00:40:48
695,843,128,Cash,Pending,8.0,2025-06-30 13:00:12,2025-09-05 00:32:44
696,812,110,Wallet,Success,92.32,2025-08-22 13:00:12,2025-09-05 18:48:03
697,329,126,Card,Success,28.25,2025-09-04 13:00:12,2025-08-23 04:12:36
698,59,94,Card,Success,25.45,2025-07-12 13:00:12,2025-09-02 03:44:41
699,654,90,Wallet,Failed,69.12,2025-07-26 13:00:12,2025-09-17 12:20:06
700,259,114,Card,Success,52.71,2025-08-23 13:00:12,2025-09-17 03:37:49
701,590,171,Card,Failed,37.67,2025-07-19 13:00:12,2025-09-13 02:53:56
702,853,153,Wallet,Failed,88.63,2025-07-20 13:00:12,2025-09-16 15:10:03
703,327,29,Card,Pending,42.68,2025-07-18 13:00:12,2025-09-20 06:04:27
704,915,40,Wallet,Pending,87.01,2025-08-13 13:00:12,2025-09-11 21:46:36
705,267,102,Cash,Success,15.15,2025-08-06 13:00:12,2025-08-21 15:44:18
706,584,102,Wallet,Success,72.26,2025-09-20 13:00:12,2025-09-12 05:40:04
707,296,66,Wallet,Success,71.91,2025-07-12 13:00:12,2025-09-03 01:02:42
708,652,22,Wallet,Failed,55.25,2025-08-27 13:00:12,2025-09-17 22:15:55
709,253,25,Wallet,Failed,22.18,2025-06-30 13:00:12,2025-08-29 02:22:25
710,244,112,Cash,Failed,46.68,2025-07-27 13:00:12,2025-09-13 02:22:13
711,576,19,Cash,Success,96.79,2025-08-06 13:00:12,2025-09-13 15:46:50
712,553,50,Cash,Pending,73.38,2025-07-24 13:00:12,2025-08-27 10:33:35
713,167,72,Cash,Failed,94.37,2025-08-19 13:00:12,2025-08-21 03:56:04
714,924,113,Cash,Failed,81.03,2025-07-26 13:00:12,2025-09-10 11:35:01
715,692,62,Cash,Failed,25.13,2025-08-05 13:00:12,2025-09-07 15:01:28
716,749,86,Card,Pending,48.96,2025-07-27 13:00:12,2025-09-06 19:51:24
717,901,173,Wallet,Success,47.04,2025-08-11 13:00:12,2025-09-14 08:56:40
718,978,65,Wallet,Success,67.56,2025-08-05 13:00:12,2025-08-29 08:07:11
719,338,112,Wallet,Failed,56.43,2025-09-01 13:00:12,2025-08-23 11:34:54
720,651,1,Card,Failed,41.32,2025-08-02 13:00:12,2025-08-24 07:25:10
721,666,26,Card,Failed,52.42,2025-09-10 13:00:12,2025-08-31 00:56:02
722,967,61,Card,Success,84.56,2025-09-04 13:00:12,2025-09-03 17:44:30
723,712,147,Cash,Success,41.24,2025-08-06 13:00:12,2025-09-18 08:33:19
724,156,41,Cash,Pending,78.32,2025-08-27 13:00:12,2025-09-03 04:29:36
725,800,57,Cash,Failed,13.15,2025-06-30 13:00:12,2025-08-30 14:38:30
726,519,3,Wallet,Pending,96.47,2025-09-04 13:00:12,2025-09-03 10:18:42
727,878,90,Wallet,Pending,77.27,2025-07-06 13:00:12,2025-09-20 08:48:23
728,921,101,Cash,Failed,88.6,2025-07-16 13:00:12,2025-09-15 10:24:41
729,632,153,Card,Success,49.12,2025-09-08 13:00:12,2025-09-09 20:35:18
730,984,57,Card,Failed,90.45,2025-07-29 13:00:12,2025-09-09 12:00:51
731,421,164,Wallet,Pending,56.99,2025-07-22 13:00:12,2025-09-13 18:06:26
732,721,124,Card,Success,15.77,2025-08-02 13:00:12,2025-09-19 15:55:19
733,715,199,Card,Failed,5.29,2025-09-17 13:00:12,2025-09-14 03:01:45
734,207,57,Wallet,Failed,90.08,2025-09-11 13:00:12,2025-08-25 14:47:59
735,141,133,Card,Pending,41.22,2025-09-05 13:00:12,2025-09-14 09:08:31
736,663,143,Card,Success,36.63,2025-09-17 13:00:12,2025-09-10 04:54:07
737,543,44,Wallet,Pending,42.95,2025-07-22 13:00:12,2025-09-12 08:36:58
738,370,181,Wallet,Pending,51.68,2025-08-02 13:00:12,2025-09-14 18:35:51
739,316,49,Wallet,Success,73.9,2025-08-26 13:00:12,2025-09-08 23:29:56
740,212,45,Wallet,Failed,99.99,2025-07-22 13:00:12,2025-09-04 11:27:02
741,723,174,Wallet,Failed,51.81,2025-08-17 13:00:12,2025-08-30 16:09:19
742,871,137,Cash,Failed,90.46,2025-07-21 13:00:12,2025-08-22 15:18:42
743,63,164,Cash,Success,56.76,2025-07-30 13:00:12,2025-09-04 13:07:42
744,414,49,Card,Failed,30.5,2025-09-01 13:00:12,2025-08-28 08:15:33
745,544,165,Cash,Pending,20.87,2025-07-19 13:00:12,2025-09-04 22:43:01
746,663,105,Cash,Failed,66.41,2025-07-22 13:00:12,2025-08-28 00:10:04
747,295,107,Cash,Success,40.18,2025-08-06 13:00:12,2025-09-20 11:08:07
748,943,169,Card,Pending,22.33,2025-06-29 13:00:12,2025-08-30 05:08:42
749,726,47,Wallet,Failed,47.58,2025-07-31 13:00:12,2025-09-10 06:17:53
750,624,133,Cash,Failed,56.6,2025-09-01 13:00:12,2025-09-01 01:00:50
751,488,156,Wallet,Success,26.71,2025-08-19 13:00:12,2025-09-07 01:38:49
752,874,16,Card,Pending,96.41,2025-06-27 13:00:12,2025-08-31 20:08:21
753,521,9,Cash,Pending,48.61,2025-08-11 13:00:12,2025-09-09 02:59:51
754,189,144,Card,Success,67.83,2025-06-28 13:00:12,2025-09-02 16:39:27
755,642,126,Cash,Pending,36.9,2025-08-23 13:00:12,2025-08-26 18:13:38
756,41,51,Card,Failed,46.62,2025-06-26 13:00:12,2025-08-27 01:33:03
757,737,109,Wallet,Success,93.07,2025-09-19 13:00:12,2025-09-15 19:53:43
758,849,96,Card,Success,43.05,2025-08-28 13:00:12,2025-09-06 06:31:22
759,736,162,Wallet,Failed,62.36,2025-08-28 13:00:12,2025-08-27 23:22:58
760,187,140,Card,Failed,56.11,2025-07-27 13:00:12,2025-09-02 01:23:55
761,852,140,Cash,Failed,83.76,2025-07-28 13:00:12,2025-09-19 07:15:15
762,216,198,Cash,Pending,69.06,2025-09-12 13:00:12,2025-09-15 02:55:55
763,465,71,Card,Success,24.27,2025-08-15 13:00:12,2025-08-23 23:27:51
764,434,34,Card,Success,67.13,2025-09-14 13:00:12,2025-09-09 21:05:56
765,923,114,Cash,Success,57.09,2025-08-06 13:00:12,2025-09-19 17:14:13
766,241,2,Wallet,Pending,26.44,2025-08-19 13:00:12,2025-09-11 13:36:38
767,906,93,Card,Failed,54.73,2025-07-06 13:00:12,2025-08-29 03:47:57
768,31,172,Wallet,Success,88.38,2025-07-12 13:00:12,2025-08-31 06:12:54
769,328,107,Wallet,Pending,19.3,2025-09-11 13:00:12,2025-08-31 09:21:34
770,960,90,Card,Success,80.13,2025-07-02 13:00:12,2025-09-10 11:41:22
771,619,14,Wallet,Pending,75.12,2025-06-23 13:00:12,2025-08-23 23:59:50
772,375,124,Wallet,Pending,93.94,2025-09-11 13:00:12,2025-09-14 04:22:02
773,140,31,Cash,Failed,81.35,2025-09-13 13:00:12,2025-09-02 07:20:12
774,782,55,Card,Failed,31.43,2025-07-14 13:00:12,2025-08-27 21:28:34
775,761,38,Cash,Failed,89.36,2025-08-23 13:00:12,2025-09-06 15:14:53
776,188,87,Card,Success,33.58,2025-09-01 13:00:12,2025-08-23 10:55:28
777,893,31,Card,Pending,63.37,2025-07-13 13:00:12,2025-09-19 03:37:13
778,130,98,Card,Success,73.3,2025-09-03 13:00:12,2025-09-04 14:35:49
779,414,112,Wallet,Failed,47.96,2025-06-27 13:00:12,2025-08-30 12:06:58
780,969,69,Wallet,Failed,61.48,2025-07-23 13:00:12,2025-08-31 22:19:55
781,705,182,Wallet,Failed,93.45,2025-06-30 13:00:12,2025-08-22 20:52:35
782,962,139,Card,Success,9.33,2025-07-04 13:00:12,2025-09-14 05:26:30
783,513,83,Card,Pending,51.02,2025-06-28 13:00:12,2025-09-11 21:02:24
784,504,35,Wallet,Pending,49.76,2025-09-06 13:00:12,2025-09-16 23:02:10
785,208,127,Card,Failed,57.62,2025-09-11 13:00:12,2025-09-16 12:08:46
786,70,76,Cash,Pending,83.03,2025-06-24 13:00:12,2025-09-10 10:10:18
787,900,14,Cash,Pending,48.61,2025-09-06 13:00:12,2025-09-02 12:52:01
788,550,41,Wallet,Failed,99.04,2025-08-06 13:00:12,2025-09-04 21:35:52
789,299,26,Wallet,Pending,82.93,2025-08-09 13:00:12,2025-09-10 14:33:16
790,466,153,Wallet,Pending,8.82,2025-09-14 13:00:12,2025-08-22 00:48:52
791,176,15,Cash,Success,46.0,2025-07-28 13:00:12,2025-09-11 09:07:22
792,693,152,Card,Failed,5.75,2025-08-30 13:00:12,2025-09-08 19:37:44
793,37,105,Wallet,Success,20.67,2025-08-07 13:00:12,2025-09-05 11:00:49
794,479,133,Wallet,Pending,32.19,2025-08-23 13:00:12,2025-08-22 01:32:57
795,672,74,Card,Success,56.21,2025-07-14 13:00:12,2025-09-09 04:50:09
796,773,75,Card,Pending,5.9,2025-06-29 13:00:12,2025-08-29 11:29:12
797,425,134,Wallet,Success,11.73,2025-07-19 13:00:12,2025-09-01 19:21:48
798,317,42,Cash,Success,87.99,2025-08-03 13:00:12,2025-08-27 14:08:45
799,296,85,Cash,Failed,19.73,2025-06-29 13:00:12,2025-08-28 20:06:03
800,197,10,Cash,Pending,96.71,2025-08-15 13:00:12,2025-09-10 02:34:40
801,646,25,Card,Pending,5.64,2025-08-30 13:00:12,2025-08-27 16:13:30
802,226,8,Cash,Pending,14.03,2025-08-18 13:00:12,2025-09-16 07:10:39
803,193,1,Card,Pending,27.88,2025-09-08 13:00:12,2025-09-02 13:28:34
804,767,36,Wallet,Success,18.61,2025-09-17 13:00:12,2025-09-14 21:12:23
805,470,5,Cash,Success,89.2,2025-08-03 13:00:12,2025-09-06 11:53:15
806,303,142,Wallet,Pending,77.91,2025-07-26 13:00:12,2025-09-12 22:25:04
807,161,92,Cash,Success,14.89,2025-07-14 13:00:12,2025-09-09 12:48:27
808,492,136,Cash,Success,40.28,2025-09-15 13:00:12,2025-09-03 02:55:40
809,830,99,Wallet,Pending,41.57,2025-07-20 13:00:12,2025-08-30 20:34:09
810,275,191,Cash,Failed,10.11,2025-08-07 13:00:12,2025-09-01 15:41:43
811,710,49,Wallet,Success,48.79,2025-08-04 13:00:12,2025-08-23 10:51:11
812,917,148,Wallet,Success,55.08,2025-07-25 13:00:12,2025-09-12 11:18:59
813,313,38,Wallet,Pending,16.4,2025-07-14 13:00:12,2025-09-12 21:05:51
814,371,50,Card,Pending,61.75,2025-08-12 13:00:12,2025-08-28 00:33:42
815,552,61,Cash,Failed,57.14,2025-08-23 13:00:12,2025-09-15 09:26:11
816,670,114,Card,Pending,39.76,2025-09-13 13:00:12,2025-09-14 04:40:31
817,137,41,Card,Success,72.27,2025-07-07 13:00:12,2025-08-31 18:12:23
818,55,135,Cash,Pending,24.92,2025-08-21 13:00:12,2025-09-03 00:10:24
819,432,84,Card,Failed,74.07,2025-07-01 13:00:12,2025-08-20 20:21:22
820,372,188,Cash,Pending,47.02,2025-08-25 13:00:12,2025-09-06 22:57:05
821,509,179,Card,Pending,5.01,2025-09-02 13:00:12,2025-09-10 04:27:08
822,460,75,Card,Pending,15.93,2025-09-17 13:00:12,2025-08-24 00:57:13
823,602,167,Card,Pending,88.9,2025-09-01 13:00:12,2025-09-17 23:50:50
824,302,141,Wallet,Pending,85.32,2025-07-28 13:00:12,2025-09-01 10:17:40
825,238,146,Cash,Success,61.03,2025-08-04 13:00:12,2025-09-14 05:12:00
826,212,47,Card,Success,85.92,2025-09-05 13:00:12,2025-09-19 10:30:20
827,433,181,Wallet,Success,35.09,2025-08-19 13:00:12,2025-08-25 01:05:09
828,769,19,Cash,Failed,98.51,2025-07-28 13:00:12,2025-09-16 16:52:15
829,439,20,Cash,Failed,19.81,2025-08-18 13:00:12,2025-08-22 07:17:37
830,99,96,Cash,Success,91.28,2025-07-12 13:00:12,2025-09-01 02:10:11
831,68,149,Cash,Success,27.03,2025-08-02 13:00:12,2025-09-16 01:06:25
832,325,200,Wallet,Failed,68.99,2025-06-29 13:00:12,2025-08-30 04:54:45
833,426,31,Card,Pending,49.09,2025-07-27 13:00:12,2025-09-15 00:48:50
834,22,43,Wallet,Failed,17.25,2025-07-14 13:00:12,2025-09-15 22:52:55
835,232,53,Card,Success,39.65,2025-08-20 13:00:12,2025-09-03 20:13:37
836,206,98,Cash,Success,85.76,2025-08-03 13:00:12,2025-09-19 23:04:23
837,406,21,Card,Pending,89.15,2025-07-28 13:00:12,2025-09-01 11:50:46
838,504,91,Wallet,Pending,31.33,2025-07-24 13:00:12,2025-09-01 04:28:30
839,182,200,Card,Pending,69.29,2025-08-02 13:00:12,2025-08-25 06:17:31
840,686,94,Card,Pending,59.93,2025-09-12 13:00:12,2025-09-17 22:40:05
841,865,4,Cash,Failed,60.66,2025-08-08 13:00:12,2025-08-27 20:19:18
842,499,195,Wallet,Pending,35.66,2025-08-27 13:00:12,2025-08-20 20:44:25
843,144,122,Cash,Failed,77.01,2025-09-15 13:00:12,2025-09-09 10:31:54
844,738,11,Cash,Success,66.91,2025-06-27 13:00:12,2025-08-25 23:00:50
845,982,40,Cash,Success,20.32,2025-08-25 13:00:12,2025-08-23 19:21:24
846,633,8,Wallet,Success,64.38,2025-07-25 13:00:12,2025-09-07 19:14:02
847,19,62,Cash,Pending,94.7,2025-07-14 13:00:12,2025-09-13 02:57:45
848,919,62,Wallet,Failed,82.85,2025-07-12 13:00:12,2025-08-27 08:48:23
849,524,200,Cash,Failed,28.53,2025-07-28 13:00:12,2025-09-11 22:48:37
850,294,91,Cash,Failed,30.88,2025-07-21 13:00:12,2025-09-20 08:46:23
851,169,167,Card,Success,48.3,2025-06-24 13:00:12,2025-09-12 17:49:15
852,465,6,Card,Pending,7.16,2025-09-11 13:00:12,2025-09-02 17:42:34
853,317,50,Cash,Failed,19.31,2025-09-17 13:00:12,2025-09-02 14:35:18
854,592,91,Wallet,Pending,44.65,2025-08-11 13:00:12,2025-09-09 20:59:49
855,64,101,Card,Pending,42.1,2025-09-19 13:00:12,2025-09-05 13:54:15
856,427,5,Wallet,Success,25.81,2025-07-28 13:00:12,2025-09-02 00:23:06
857,434,112,Cash,Failed,23.88,2025-07-19 13:00:12,2025-09-06 09:50:33
858,303,172,Card,Failed,37.48,2025-07-06 13:00:12,2025-08-20 19:07:40
859,244,1,Wallet,Pending,89.46,2025-07-06 13:00:12,2025-09-12 00:10:39
860,902,187,Card,Pending,37.53,2025-07-14 13:00:12,2025-09-06 16:24:08
861,712,178,Card,Failed,66.15,2025-07-03 13:00:12,2025-09-03 07:32:29
862,205,178,Cash,Pending,50.79,2025-09-07 13:00:12,2025-09-19 20:33:15
863,253,16,Wallet,Pending,78.52,2025-09-09 13:00:12,2025-08-23 20:21:01
864,553,170,Card,Success,96.98,2025-07-09 13:00:12,2025-09-13 13:11:43
865,401,46,Card,Failed,54.87,2025-07-23 13:00:12,2025-08-25 04:35:17
866,412,108,Wallet,Failed,22.13,2025-08-06 13:00:12,2025-08-23 09:25:02
867,733,130,Wallet,Success,24.05,2025-07-19 13:00:12,2025-09-02 17:06:55
868,931,151,Card,Success,13.07,2025-07-15 13:00:12,2025-08-24 08:34:36
869,450,144,Card,Pending,83.34,2025-08-13 13:00:12,2025-08-23 08:14:26
870,977,71,Cash,Pending,87.7,2025-08-22 13:00:12,2025-09-06 12:35:33
871,353,63,Cash,Pending,81.39,2025-06-30 13:00:12,2025-09-19 23:17:23
872,756,12,Card,Success,33.83,2025-09-06 13:00:12,2025-09-14 01:14:18
873,533,43,Cash,Pending,37.19,2025-08-09 13:00:12,2025-08-30 06:05:30
874,845,32,Cash,Failed,93.44,2025-09-13 13:00:12,2025-09-18 17:11:58
875,614,199,Card,Pending,27.16,2025-07-17 13:00:12,2025-09-09 01:47:39
876,545,133,Wallet,Failed,46.54,2025-07-22 13:00:12,2025-08-25 19:16:03
877,299,24,Cash,Failed,95.49,2025-08-22 13:00:12,2025-08-22 20:30:24
878,239,128,Wallet,Failed,81.75,2025-07-01 13:00:12,2025-09-15 06:17:26
879,557,179,Cash,Failed,79.83,2025-07-07 13:00:12,2025-08-24 13:59:40
880,113,192,Wallet,Success,12.82,2025-06-30 13:00:12,2025-08-23 15:32:32
881,926,46,Cash,Success,48.48,2025-07-03 13:00:12,2025-09-07 04:54:18
882,929,37,Wallet,Failed,39.93,2025-07-28 13:00:12,2025-08-24 22:08:38
883,303,23,Wallet,Pending,74.42,2025-08-03 13:00:12,2025-09-20 12:00:09
884,885,158,Card,Pending,92.67,2025-08-08 13:00:12,2025-09-04 02:37:02
885,763,15,Card,Success,59.65,2025-07-24 13:00:12,2025-09-07 16:24:19
886,540,50,Cash,Pending,81.13,2025-09-08 13:00:12,2025-09-02 09:43:51
887,697,188,Cash,Pending,14.0,2025-09-03 13:00:12,2025-08-22 01:25:56
888,397,86,Card,Success,49.84,2025-08-31 13:00:12,2025-09-10 17:20:19
889,385,149,Cash,Pending,37.22,2025-07-16 13:00:12,2025-09-09 12:28:17
890,162,139,Card,Failed,88.51,2025-07-26 13:00:12,2025-09-18 21:14:59
891,732,96,Card,Failed,61.63,2025-08-05 13:00:12,2025-09-05 02:31:19
892,284,118,Wallet,Pending,5.51,2025-09-20 13:00:12,2025-09-01 09:48:46
893,344,14,Cash,Failed,63.32,2025-07-06 13:00:12,2025-09-19 10:42:31
894,506,191,Cash,Success,14.33,2025-06-24 13:00:12,2025-08-21 11:02:27
895,206,62,Wallet,Success,9.84,2025-07-09 13:00:12,2025-08-27 16:35:42
896,532,23,Cash,Pending,33.96,2025-07-03 13:00:12,2025-08-24 11:12:08
897,362,119,Cash,Pending,76.29,2025-07-05 13:00:12,2025-08-21 22:12:35
898,461,102,Card,Pending,81.67,2025-07-10 13:00:12,2025-09-19 11:45:17
899,619,59,Wallet,Failed,59.75,2025-07-20 13:00:12,2025-09-11 10:23:11
900,90,145,Wallet,Success,11.97,2025-06-29 13:00:12,2025-08-22 07:12:59
901,573,44,Cash,Pending,89.08,2025-07-16 13:00:12,2025-08-31 10:43:40
902,846,107,Card,Pending,40.92,2025-08-31 13:00:12,2025-09-17 06:29:00
903,608,50,Card,Pending,43.71,2025-07-24 13:00:12,2025-09-14 05:20:15
904,298,11,Wallet,Failed,40.8,2025-09-05 13:00:12,2025-09-07 00:25:06
905,506,109,Wallet,Success,50.15,2025-07-12 13:00:12,2025-09-14 05:26:01
906,243,153,Card,Failed,85.51,2025-09-05 13:00:12,2025-09-10 23:33:42
907,40,106,Cash,Success,91.51,2025-07-31 13:00:12,2025-09-01 14:44:18
908,893,57,Card,Success,80.99,2025-07-18 13:00:12,2025-08-30 07:14:50
909,85,111,Cash,Pending,15.33,2025-09-13 13:00:12,2025-09-02 10:38:58
910,107,105,Wallet,Success,60.41,2025-07-11 13:00:12,2025-09-03 06:36:18
911,489,60,Cash,Success,87.49,2025-08-08 13:00:12,2025-08-26 01:51:40
912,875,113,Wallet,Pending,31.1,2025-07-24 13:00:12,2025-09-03 18:43:45
913,188,72,Wallet,Pending,27.65,2025-08-28 13:00:12,2025-09-08 19:38:56
914,178,55,Card,Failed,58.08,2025-07-19 13:00:12,2025-09-08 00:41:31
915,248,24,Wallet,Pending,72.74,2025-07-03 13:00:12,2025-09-12 23:12:34
916,392,1,Cash,Pending,61.09,2025-09-17 13:00:12,2025-08-31 14:17:10
917,156,68,Cash,Pending,77.12,2025-09-16 13:00:12,2025-09-08 16:17:17
918,385,104,Wallet,Success,9.21,2025-08-21 13:00:12,2025-09-19 21:04:54
919,917,25,Wallet,Success,96.01,2025-08-12 13:00:12,2025-08-22 06:12:19
920,26,3,Card,Failed,47.0,2025-07-30 13:00:12,2025-09-15 00:43:59
921,470,111,Wallet,Success,6.85,2025-09-04 13:00:12,2025-09-04 03:23:19
922,304,38,Cash,Failed,94.35,2025-07-21 13:00:12,2025-09-03 09:17:37
923,989,191,Wallet,Failed,11.45,2025-09-12 13:00:12,2025-09-17 04:07:56
924,334,99,Wallet,Pending,89.76,2025-08-27 13:00:12,2025-09-09 22:45:23
925,390,20,Card,Pending,35.82,2025-09-16 13:00:12,2025-08-22 14:18:10
926,202,137,Card,Failed,38.5,2025-07-02 13:00:12,2025-08-22 07:44:59
927,594,166,Wallet,Pending,15.46,2025-09-17 13:00:12,2025-08-30 22:54:22
928,597,21,Cash,Success,6.52,2025-08-03 13:00:12,2025-08-29 08:56:57
929,89,118,Card,Success,43.76,2025-06-29 13:00:12,2025-09-17 06:11:01
930,447,82,Cash,Pending,18.0,2025-08-24 13:00:12,2025-08-26 00:59:55
931,351,36,Wallet,Success,37.66,2025-09-12 13:00:12,2025-09-17 16:52:19
932,930,32,Cash,Success,98.43,2025-08-22 13:00:12,2025-09-02 08:16:06
933,890,149,Wallet,Pending,26.29,2025-09-10 13:00:12,2025-08-25 09:59:01
934,556,199,Cash,Pending,70.82,2025-07-22 13:00:12,2025-09-02 21:02:26
935,592,24,Card,Failed,20.56,2025-08-21 13:00:12,2025-09-19 04:29:40
936,869,98,Card,Pending,13.13,2025-09-06 13:00:12,2025-09-15 10:59:10
937,215,145,Card,Pending,34.6,2025-07-24 13:00:12,2025-08-22 05:17:01
938,639,12,Card,Success,79.05,2025-07-03 13:00:12,2025-09-15 09:24:09
939,787,161,Wallet,Success,33.28,2025-07-05 13:00:12,2025-09-17 08:17:56
940,323,198,Cash,Pending,48.5,2025-08-13 13:00:12,2025-08-24 16:13:47
941,959,139,Cash,Pending,53.49,2025-08-08 13:00:12,2025-09-11 16:06:48
942,450,191,Card,Pending,11.42,2025-09-16 13:00:12,2025-09-12 00:03:17
943,395,66,Cash,Failed,42.81,2025-07-19 13:00:12,2025-09-13 14:04:48
944,727,66,Card,Failed,9.36,2025-09-03 13:00:12,2025-08-31 00:42:31
945,56,103,Card,Failed,70.42,2025-08-17 13:00:12,2025-09-01 17:39:57
946,950,174,Wallet,Success,93.35,2025-08-23 13:00:12,2025-09-13 05:52:23
947,147,86,Cash,Success,89.06,2025-07-03 13:00:12,2025-08-22 09:25:44
948,421,167,Cash,Pending,33.26,2025-07-29 13:00:12,2025-08-27 07:14:36
949,557,163,Card,Pending,41.36,2025-08-29 13:00:12,2025-08-22 00:51:27
950,228,81,Card,Success,90.44,2025-06-23 13:00:12,2025-08-27 03:07:17
951,553,8,Cash,Success,38.18,2025-08-17 13:00:12,2025-09-18 18:16:35
952,37,79,Card,Pending,18.85,2025-09-15 13:00:12,2025-09-11 02:22:57
953,447,29,Wallet,Success,85.15,2025-08-11 13:00:12,2025-09-05 18:20:06
954,596,148,Wallet,Pending,34.54,2025-07-29 13:00:12,2025-09-01 05:30:09
955,787,92,Card,Success,96.16,2025-09-06 13:00:12,2025-08-28 16:41:57
956,317,42,Cash,Pending,29.83,2025-09-05 13:00:12,2025-08-23 18:11:23
957,583,57,Cash,Pending,97.31,2025-07-05 13:00:12,2025-08-24 20:56:53
958,896,25,Wallet,Pending,28.5,2025-08-06 13:00:12,2025-09-15 15:08:07
959,895,91,Card,Success,56.2,2025-08-26 13:00:12,2025-08-28 10:22:46
960,847,17,Card,Success,25.89,2025-07-06 13:00:12,2025-08-27 09:00:22
961,560,168,Card,Pending,59.66,2025-07-03 13:00:12,2025-09-08 07:44:55
962,677,164,Cash,Success,98.2,2025-08-03 13:00:12,2025-09-16 20:26:25
963,670,163,Wallet,Failed,94.44,2025-08-19 13:00:12,2025-08-26 17:44:03
964,695,42,Card,Failed,48.14,2025-07-08 13:00:12,2025-09-11 10:13:58
965,583,20,Card,Success,67.88,2025-07-11 13:00:12,2025-08-27 15:50:14
966,607,123,Cash,Failed,90.17,2025-08-31 13:00:12,2025-09-05 07:38:14
967,844,82,Card,Pending,84.94,2025-07-08 13:00:12,2025-09-17 13:06:02
968,760,114,Card,Failed,89.8,2025-09-11 13:00:12,2025-08-27 17:44:41
969,152,95,Card,Failed,27.35,2025-09-20 13:00:12,2025-09-06 08:42:29
970,780,126,Card,Failed,13.15,2025-08-01 13:00:12,2025-08-29 08:06:45
971,40,33,Wallet,Failed,95.57,2025-09-09 13:00:12,2025-09-09 07:17:52
972,693,96,Cash,Pending,23.87,2025-09-04 13:00:12,2025-08-21 01:25:57
973,837,101,Card,Success,13.2,2025-08-18 13:00:12,2025-08-29 08:47:30
974,770,20,Cash,Success,11.02,2025-08-24 13:00:12,2025-09-01 07:26:33
975,575,173,Wallet,Success,82.16,2025-09-10 13:00:12,2025-09-18 16:15:11
976,426,68,Wallet,Success,52.54,2025-06-30 13:00:12,2025-08-26 04:48:14
977,659,140,Wallet,Success,45.71,2025-08-01 13:00:12,2025-08-29 05:41:12
978,451,107,Wallet,Pending,97.05,2025-07-05 13:00:12,2025-09-15 18:58:53
979,177,73,Wallet,Success,58.58,2025-08-02 13:00:12,2025-09-18 03:28:34
980,17,112,Wallet,Failed,8.46,2025-09-10 13:00:12,2025-09-03 21:22:21
981,509,110,Cash,Pending,6.72,2025-08-30 13:00:12,2025-09-01 00:23:45
982,931,15,Cash,Success,76.32,2025-08-03 13:00:12,2025-09-16 04:06:30
983,727,147,Cash,Failed,14.32,2025-09-07 13:00:12,2025-08-27 07:18:40
984,138,138,Cash,Pending,81.16,2025-06-24 13:00:12,2025-09-12 20:16:50
985,457,177,Wallet,Success,55.5,2025-06-27 13:00:12,2025-08-27 00:38:09
986,566,92,Cash,Success,64.27,2025-07-06 13:00:12,2025-09-09 09:37:28
987,766,4,Cash,Pending,21.31,2025-06-26 13:00:12,2025-09-02 17:29:14
988,137,6,Cash,Success,25.29,2025-07-31 13:00:12,2025-09-12 08:44:58
989,456,77,Cash,Pending,65.43,2025-07-21 13:00:12,2025-08-26 03:30:53
990,600,35,Cash,Pending,76.3,2025-09-06 13:00:12,2025-08-25 01:50:23
991,88,15,Wallet,Failed,53.68,2025-06-29 13:00:12,2025-09-10 14:47:37
992,237,43,Card,Pending,58.35,2025-07-20 13:00:12,2025-09-12 20:12:42
993,87,153,Wallet,Failed,59.58,2025-07-31 13:00:12,2025-09-10 03:45:56
994,542,13,Cash,Failed,53.63,2025-09-03 13:00:12,2025-09-01 10:35:54
995,206,113,Cash,Failed,85.26,2025-07-02 13:00:12,2025-08-22 23:21:19
996,82,4,Cash,Pending,98.12,2025-07-05 13:00:12,2025-09-01 08:29:06
997,769,131,Cash,Pending,18.91,2025-08-25 13:00:12,2025-08-27 21:29:35
998,696,1,Wallet,Failed,36.98,2025-06-23 13:00:12,2025-09-17 16:11:30
999,218,149,Cash,Pending,44.88,2025-08-31 13:00:12,2025-09-07 09:57:58
1000,903,43,Card,Pending,96.61,2025-08-29 13:00:12,2025-08-30 01:59:42
